:020000040800F2
:1000000000000320811B00087F1B00087D1B0008E7
:100010007D1B00087D1B00087D1B00080000000000
:100020000000000000000000000000007F1B00082E
:100030007F1B0008000000007F1B00087F1B0008DA
:100040007D1B00087D1B00087D1B00087D1B000830
:100050007D1B00087D1B00087D1B00087D1B000820
:100060007D1B00087D1B00087D1B00087D1B000810
:100070007D1B00087D1B00087D1B00087D1B000800
:100080007D1B00087D1B00087D1B00087D1B0008F0
:100090007D1B00087D1B00087D1B00087D1B0008E0
:1000A0007D1B00087D1B00087D1B00087D1B0008D0
:1000B0007D1B00087D1B00087D1B00087D1B0008C0
:1000C0007D1B00087D1B00087D1B00087D1B0008B0
:1000D0007D1B00087D1B00087D1B00087D1B0008A0
:1000E0007D1B00087D1B00087D1B00087D1B000890
:1000F0007D1B00087D1B00087D1B00087D1B000880
:100100007D1B00087D1B00087D1B00087D1B00086F
:100110007D1B00087D1B00087D1B00087D1B00085F
:100120007D1B00087D1B00087D1B00087D1B00084F
:100130007D1B00087D1B00087D1B00087D1B00083F
:100140007D1B00087D1B00087D1B0008710A00084C
:100150007D1B00087D1B00087D1B00087D1B00081F
:100160007D1B00087D1B00087D1B00087D1B00080F
:100170007D1B00087D0A00087D1B00087D1B000810
:100180007D1B00087D1B00087D1B00087D1B0008EF
:100190007D1B00087D1B00087D1B00087D1B0008DF
:1001A0007D1B00087D1B00087D1B0008F8B50F466D
:1001B00014460025A54201DB2046F8BD661B402EF3
:1001C000A8BF40267819314600F0E0FB3544F1E73E
:1001D00070B520B1064E04464518AC4200D170BD42
:1001E000336814F8010B996802F026FEF5E700BFAA
:1001F0006000002010B5044638B103F061FA0146F2
:100200002046BDE81040FFF7E3BF10BD024B1B685E
:10021000586800F015BD00BF60000020134B144A61
:1002200010B5144C9A60C3E9002200F029FC206844
:10023000002319460222406802F066FE206800236F
:1002400019460222806802F05FFE20680023C06821
:100250000222194602F058FEFFF7D8FF002800DC02
:1002600010BD2368586802F099F9F5E728000020CE
:1002700000000020600000202DE9F0410C460546FA
:10028000002852D000294DD0294FDFF8B080FFF769
:10029000BDFF002804DC274B1B680024EC5441E020
:1002A0003B68586802F07AF998F8003006463BB18E
:1002B00000230A2888F80030E9D00D281AD101E07F
:1002C0000D2815D1012388F800303B680D2099686E
:1002D00002F0B2FD3B680A20996802F0ADFD1648B5
:1002E000144A0178C1B10023136003702B70CEE76C
:1002F0000A28EAD03B683046996802F09DFD0D4A15
:100300001368611E994293BF0B4BEE54591C012296
:100310008CBF11601A70BAE71368002BE6D0E9545D
:1003200011601C462046BDE8F0810446FAE700BF94
:10033000600000200C0A0020100A0020110A002092
:100340002DE9F04FD3B002AA01F1400514464B78D5
:100350000E781B0443EA0663CE7833438E7804316B
:1003600043EA06238D4244F8043BF0D110241146A1
:1003700001340D6A4B6B6B408D6809686B40043229
:100380004B404FEAF373502CD363F0D1D0E9009E79
:10039000D0E902C7036901939B4639466446764615
:1003A000C8460025132D29D884EA01033340DFF81D
:1003B00080A04B4002AA52F8252002EBF8621A44B2
:1003C00001355244502D02EB0B0A4FEAB6038B461F
:1003D00046460FD163448360019B09EB0A02026029
:1003E0003C440EEB08020B444260C460036153B00E
:1003F000BDE8F08F2146D0461C46D3E7272D05D80F
:1004000086EA0403DFF82CA04B40D3E73B2D9DBFC9
:1004100044EA0103334004EA010286EA040395BF7B
:10042000DFF814A0DFF814A013434B40C2E700BF6D
:100430009979825AA1EBD96EDCBC1B8FD6C162CAF6
:100440002DE9F04F314F0C46804615460FCFA7B02F
:1004500001AE0FC63B68336000217C2207A80691DD
:1004600002F044FC24F03F0B04F03F0A660FE70063
:10047000C146C344D94541D124F03F0152464144CD
:1004800006A802F099FB0AF198036B448022BAF1A6
:10049000380F03F8802C38BF402406AB28BF144621
:1004A00003EB040C0023C3F12000A3F1200127FA81
:1004B00003F206FA00F0024326FA01F108330A4378
:1004C000402B0CF8012DEED106A901A8FFF738FF4B
:1004D000802C02D116A9FFF733FF2A4601AB05ADE8
:1004E0001C4603CCAC4210605160234602F1080266
:1004F000F6D12068106027B0BDE8F08F494601A80A
:10050000FFF71EFF09F14009B4E700BF509800084B
:1005100008B506484FF4005100F0F6FBBDE808406E
:1005200002484FF4804100F0EFBB00BF00180240CA
:100530002DE9F04FAC489FB000F06EFD40F2066030
:1005400000F03AFCA9484FF400530022012100F0CA
:10055000E7FB4FF48043A5480022012100F0E0FBB7
:10056000FFF75CFE01F07AFBA14B187010B9A148AF
:10057000FFF740FEA0489D4FFFF73CFE9F48FFF766
:1005800039FE0024A04626462546A14640210EA855
:10059000FFF772FE8246002800F0F080B9F1010FEB
:1005A00017D00EAB994613F8012B202AFAD0092A4E
:1005B000F8D09349484602F017FF60BB192107A8FD
:1005C00000F05AFB8F4807A902F0F6FB4FF0000934
:1005D0000FE08D490EA802F007FF054688B98B4849
:1005E000FFF708FEFFF794FFA8462E462C464FF073
:1005F00002094FF4FA5300BF013BFCD1013501362B
:10060000C4E78348FFF7F6FD0024A04600252E46E8
:100610004FF00109EDE77F490422484603F0BEF898
:10062000002862D199F8043013F0DF0F01D0092BB4
:100630005BD109F10409CB4619F8013B202BFAD014
:10064000092BF8D01BB97448FFF7D4FDBEE7684BFF
:10065000187808B101F01AFB8146584603F030F8CB
:1006600007AA01465846FFF7EBFE614B18780028B1
:1006700034D001F00BFBA0EB0903059305984FF470
:100680007A71A8220023A0FB010108F0FBFE82463C
:1006900089460B9B02930A9B0193099B00935F4839
:1006A000DDE90723594602F087FB514B1B78D3B194
:1006B000504649464FF47A72002308F0E3FE0023C7
:1006C000934650464FF47A72494608F0DBFE05998E
:1006D00002465B46524802F06FFB77E74FF0000A94
:1006E000D1460590D5E74F48AEE74F49484602F05E
:1006F0007BFEB8B94D4807AA0321FFF7A1FE4C497C
:10070000142207A802F026FA08B94A489CE70B9B76
:1007100001930A9B009307994748DDE9082302F0FB
:100720004BFB53E74549484602F05EFE28B9FFF708
:10073000EFFE4348FFF75EFD68E74249484602F096
:1007400053FE08B940487FE74049484602F04CFE56
:1007500030B938464FF4005100F0D9FA3C4873E7FD
:100760003C49484602F040FE30B938464FF48041DB
:1007700000F0CDFA384867E7384865E7B9F1010F6E
:1007800013D0B9F1020F7FF434AFF92E7FF731AFF8
:10079000E4B14FF40051384600F0B6FAB8F1130F47
:1007A000544656467FF725AF10E7B5F5FA7F03DBD1
:1007B0002B48FFF71FFD5546F92E7FF71AAF4FF470
:1007C0008041384600F0A3FA002612E74FF480413A
:1007D000384600F099FA4FF40051384600F092FA8A
:1007E00008F101080124EFE7749B0008001802409B
:1007F000120A0020649800088E980008AE9800083D
:10080000099900080D990008E0980008E59800088B
:10081000F3980008179900081C99000830990008FF
:1008200057990008809900089D990008A799000829
:100830005C9A0008AB990008C4990008FC9900086C
:10084000049A0008109A0008159A00081C9A0008DB
:10085000229A0008329A0008369A0008449A000842
:10086000D69800084878202804D0A0F122035842E6
:10087000584170471888062894BF0020012070470F
:10088000014B01221A6070471800002000207047B9
:10089000002070477047000010B9034800F035B9D8
:1008A0004FF0FF30704700BF540A002013B51446C4
:1008B0000648019100F029F9A0420199F8DB0348AC
:1008C000224602B0BDE8104000F021B9540A0020D1
:1008D00030B51D4B87B019601C4B0093022240239A
:1008E0000121044600F03AFC194B009300252046F4
:1008F00040230222822100F031FC20460095102383
:100900000322832100F02AFC124B7F222121204662
:1009100000F0E8FFA1238DF80C3020238DF80D3076
:100920000223ADF8123003238DF8143003AA0A23F2
:1009300083212046ADF80E50ADF810508DF81550BB
:1009400000F02CFC07B030BD700A002059090008E7
:10095000810800086508000808B5074A40230121FE
:1009600000F024FC024628B1BDE8084002490348D3
:1009700000F0F1B808BD00BF130A0020540A00209F
:10098000014B1868704700BF700A002070B5064E12
:1009900004468DB230682B462246822100F0FEFBD1
:1009A0000028F7D070BD00BF000B002030B54FF419
:1009B000807185B00446214800F08EF8034600B1EE
:1009C000FEE71F4AD2F8101AD2F8140AD2F8182AF1
:1009D00001441C48114421FA03F202F00F020433CF
:1009E0003032202B00F8012DF5D1174A082310468C
:1009F00012F8011B392984BF073102F8011C013BA1
:100A0000F6D10372114B124D12498022CDE9013209
:100A100003230093104A114B74B1114800F06EFB90
:100A200028601049286800F018FE0F49286805B0B2
:100A3000BDE8304000F08CBB0C48EFE7540A0020C2
:100A40000070FF1F7C0A0020740A00207D0A00202D
:100A5000000B00200C9B0008CC9A00081C00002012
:100A6000E09B0008D108000895080008AC9B00082E
:100A7000014B186800F06EBB000B0020FFF7F8BFB9
:100A800008B540F2016000F097F940F21D6000F0F7
:100A900093F94FF440430F480022022100F040F93F
:100AA0004FF440420C210B4800F05AF90120FFF7A7
:100AB0007DFF4D20202101F0C1F84D2001F0B0F85C
:100AC000FFF75EFF012800D108BD012000F06CF89F
:100AD000F6E700BF0004024070B50026C0E90166D9
:100AE000C0E904660446C66086610D4641B1084609
:100AF00001F076FD206028B165603546284670BD5E
:100B00000160FBE74FF0FF35F8E70069704770B50B
:100B100072B68369EBB90124846162B61E469342C2
:100B200003DAD0E90245AC4204D10022826162B608
:100B3000184670BD05682C5DCC5405698468013D7C
:100B4000056145680134AC4208BF34468460013316
:100B5000E5E70023EBE7F0B572B643690BBB012470
:100B6000446162B644680569641BA24204DA1E4609
:100B7000934206DB22EAE2730022426162B6184623
:100B8000F0BDC4680568CF5C2F550569C4680135A0
:100B9000056145680134AC4208BF3446C460013386
:100BA000E6E70023EAE700000023834200DB70470A
:100BB000024A00BF013AFCD10133F6E7A0860100EA
:100BC00008461146044A52F8202010B4D4681A4648
:100BD00023465DF8044B18472800002008461146BC
:100BE000044A52F8202010B414691A4623465DF8CE
:100BF000044B184728000020024B53F821300846C8
:100C00009B6818472800002008B5074B074A18685A
:100C100000B91A60186801448A1AB2F5405F01DD14
:100C200001F02CFB196008BD043B0020040B0020E0
:100C30004FF40053536000207047002070470000BD
:100C400070B5044601F022FB054B53F820305D6976
:100C5000204601F01BFB2B46BDE87040184700BF43
:100C600028000020002070470020704700207047B7
:100C70000020704700207047F0B51A4B89B0054638
:100C80000C4603AA03F1100718685968164603C6F4
:100C90000833BB423246F7D11B783370684600F008
:100CA00023F8192C28BF1924611E0023681C8B42CD
:100CB00003DB00236B5409B0F0BD08AA02EB63020A
:100CC00008AC12F8202C04EB121402F00F022032B0
:100CD0006A4414F8144C12F8142CEC54C254023325
:100CE000E5E700BF459B0008054BD3F8182A0260D2
:100CF000D3F8142A4260D3F8103A8360704700BFDB
:100D00000070FF1F8161704709048161704743696A
:100D100001EA030221EA030141EA024181617047CD
:100D20002DE9F0410568C46800264FF0030E43FA30
:100D300006F7FF070DD577000EFA07FC01FA07F852
:100D400025EA0C0524EA0C0402FA07F748EA05052F
:100D50003C430136102EEAD10560C460BDE8F08145
:100D6000F0B5076A466A00234FF00F0C42FA03F40D
:100D7000E50707D59D000CFA05F427EA040701FAF8
:100D800005F52F430133082BF0D100234FF00F0C52
:100D900003F1080442FA04F4E40707D59C000CFAB6
:100DA00004F526EA050601FA04F426430133082B6C
:100DB000EED107624662F0BD430903F1804303F5BB
:100DC0000E3300F01F001968012202FA00F00843F8
:100DD0001860704706282BD8DFE800F0041E240AAC
:100DE00010161A00134BD3F80008C0F34060704788
:100DF000104BD3F80008C0F3404070470D4BD3F8B8
:100E00000008C0F3400070470A4BD3F87008F8E7B9
:100E1000084BD3F87408F4E7064BD3F80008C0F386
:100E200040707047034BD3F80008C0F3C0607047B0
:100E3000002070470030024008B502461046FFF718
:100E4000C9FF0028FAD008BD06280CD8DFE800F05A
:100E500004282E0C12182000174AD2F8003843F04C
:100E60008073C2F800387047134AD2F8003843F450
:100E70008033F6E7104AD2F8003843F00103F0E778
:100E80000D4AD2F8703843F00103C2F87038704749
:100E9000094AD2F8743843F00103C2F87438704735
:100EA000054AD2F8003843F08053DAE7024AD2F814
:100EB000003843F08063D4E70030024006280CD8A5
:100EC000DFE800F004282E0C12182000174AD2F890
:100ED000003823F08073C2F800387047134AD2F804
:100EE000003823F48033F6E7104AD2F8003823F0B4
:100EF0000103F0E70D4AD2F8703823F00103C2F87D
:100F000070387047094AD2F8743823F00103C2F8E8
:100F100074387047054AD2F8003823F08053DAE776
:100F2000024AD2F8003823F08063D4E70030024050
:100F3000044AD2F8083823F003031843C2F808081B
:100F4000704700BF00300240044AD2F8083823F44A
:100F5000604343EA4030C2F808087047003002405E
:100F6000044AD2F8083823F4E05343EA8020C2F858
:100F70000808704700300240044AD2F8083823F0CD
:100F8000F00343EA0010C2F808087047003002403E
:100F900010B547F6C07404EA811100F03F001B064B
:100FA00003F0706301431943029B5408022B04F1C0
:100FB000FF344FEA044438BF022304F440341B07D3
:100FC00003F0E04321431943014BC3F8041810BD5B
:100FD0000030024010B5029C022C38BF02242407C6
:100FE0001B0603F0706304F0E04452081C4300F059
:100FF0003F0047F6C073013A03EA8111044312042B
:101000000C4302F44032034B144344F48004C3F80D
:10101000044810BD0030024037B504460420FFF7F5
:1010200013FFFFF709FF0020FFF782FFE379012B91
:1010300004D10320FFF708FFFFF7FEFE40F61C0077
:10104000FFF7BAFEE07B00F05FFE207BFFF794FF26
:10105000607BFFF785FFA07BFFF776FF0020FFF79F
:101060002DFFE379A5792279618820780095012BFD
:1010700063792FD1FFF7AEFF0020FFF7E5FEFFF702
:10108000DBFEA3685A0528D500F016FEA3689B0571
:1010900026D500F025FEA06800F002FE0220FFF732
:1010A00047FF124AD2F80838C3F38103022BF9D163
:1010B0000F4B22691A600F4B62691A600E4BA269CE
:1010C0001A60E379012B0ED1042003B0BDE8304053
:1010D000FFF7F4BEFFF75CFFCEE700F0F7FDD5E7C2
:1010E00000F008FED7E703B030BD00BF003002407B
:1010F0005000002054000020580000202DE9F0414D
:101100001E4603681746054688469847079A0261B7
:10111000BDF8202082820B4A069B02670A4AC36000
:10112000C2660023094AC0F8DC50C0E90087C0E964
:101130003833C0E93233C0E9343386608266BDE8B3
:10114000F08100BF1119000871190008F319000897
:10115000C1617047D0F8DC305B6A184710B4D0F832
:10116000DC40A468A4465DF8044B604713B50368EF
:101170000021C1820446DB7900910A46FFF7EEFFA9
:10118000D4F8DC3000215B6820469847E3691BB146
:1011900002B0BDE81040184702B010BD10B4D0F83E
:1011A000DC40E469A4465DF8044B604710B4D0F815
:1011B000DC40246AA4465DF8044B6047D0F8DC307C
:1011C0001B691847D0F8DC309B691847D0F8DC3031
:1011D0005B69184708B50B786BB949887F290BD82C
:1011E000D0F8DC30C9B2817593F830200AB15B6861
:1011F0009847012300E00023184608BDF8B50D46C6
:101200004988044679B103680D26587C002398422A
:1012100001D80020F8BD626806FB032252798A4299
:1012200003D00133F3E74FF0FF330133DBB2E37553
:101230004BB9D4F8DC302046DB689847D4F8C83086
:10124000ABB90120E6E70D226FF00C0112FB03128F
:10125000636813440022104619799142E9D9D3F802
:1012600009101601715801B108700132F4E700232A
:10127000A3642365A365236604F1C80604F1D807B7
:1012800056F8043B13B1698820469847B742F7D116
:10129000D7E71988012984BF01211980C37D11680E
:1012A0002BB142680D2000FB032313F8083C0B70A0
:1012B0000120704770B5C27D0D241D466FF00C03F0
:1012C00014FB023344688A881C442379934219D959
:1012D000D4F809404B88160104EB021212799A42A5
:1012E00010D9A25952B11370D0F8D83013B14A882E
:1012F0008988984700232B80012070BD002BF3D0F4
:101300001046FAE70020F8E770B5C67D40686FF038
:101310000C050D2414FB065420448D880479A54245
:101320000CD201241C808B88D0F809001B011B58AB
:1013300003B11B7812680120137070BD0020FCE718
:101340001988022984BF02211980116800230B70BB
:10135000126801205370704710B514461A88022A8B
:1013600084BF02221A808988C9B2FFF72BFF236845
:10137000003818BF01201870236800225A7001201D
:1013800010BD08B589880122C9B2FFF717FF0120F7
:1013900008BD08B589880022C9B2FFF70FFF0120F8
:1013A00008BD2DE9F04F4D881F462B0A022B89B04E
:1013B000164611D0032B00F0ED80012B40F03F8149
:1013C00002683260127839888A4228BF0A463A8019
:1013D000012009B0BDE8F08FEDB205EB45080369C7
:1013E000D0F80490136005EB88083C8819F8085081
:1013F0000293A54209EB080328BF25461946029827
:1014000003932A4601F0D8FB029B19F80880641B5D
:101410005E19A4B200230193039B1A79BDF804302E
:101420009A4204D8029BA3F802803D80D0E7019B3A
:10143000019A1B010593039BD3F8093003EB0213B8
:10144000D3F808A0BAF1000F14D09AF80090A14583
:1014500028BFA14630464A46514601F0ADFB9AF8F6
:101460000030A4EB09044D4498444E44A4B2ADB2FC
:101470001FFA88F800230493039B059AD3F80930D8
:101480001344BDF810201979914202D8019B013311
:10149000C1E7049AD3F80CA0152101FB02F90AEB6D
:1014A00009031AF809B00093A34528BFA3461946BB
:1014B00030465A4601F080FB1AF809309844009BE8
:1014C000D3F80D10A4EB0B045D445E44A4B2ADB29E
:1014D0001FFA88F8B1B1D3F811A0A245A8BFA2465F
:1014E0001FFA8AF930464A4601F066FB009BD3F8A2
:1014F0001130A4EB09044D4498444E44A4B2ADB25B
:101500001FFA88F84FF00009009B1A791FFA89F337
:101510009A4202D8049B0133ADE7009BC9EB091B3B
:10152000D3F80930079313F80B2003EB0B0AA24200
:1015300028BF224651463046069201F03DFB079BEC
:10154000069A13F80B30DAF80710A41A15449844D9
:101550001644A4B2ADB21FFA88F8C1B1DAF80B2074
:10156000A242A8BF22461FFA82FB5A463046CDF857
:1015700018B001F021FBDAF80B30069AA4EB0B044B
:101580005D4498441644A4B2ADB21FFA88F809F13C
:101590000109B9E715F0FF0504690DD10923A3700E
:1015A0000423E37023703B88042B28BF04233B8073
:1015B0000323637034600BE7D0F8E030AB4219D1FD
:1015C000D0F8E450284602F07BF801304000C0B269
:1015D00020703B88984228BF1846388000233A88FC
:1015E0005208013A9A42E3DD04EB4302E95C518080
:1015F0000133F4E78368013D0BB3C268AA421EDDE4
:10160000898840F20942914219D153F82550284661
:1016100002F056F801304000C0B220703B8898427A
:1016200028BF1846388000233A885208013A9A4267
:10163000BEDD04EB4302E95C51800133F4E7002096
:10164000C7E61988022984BF022119801168002386
:101650000B70126801205370704710B5002200F122
:10166000C80454F8043B3BB18B4208D00132042A31
:10167000F7D14FF0FF3010BD323240F82210002079
:10168000F9E7000010B44C78092C13D8DFE804F017
:101690000E12121212100C120A05084CA4465DF824
:1016A000044B6047064CF9E7064CF7E7064CF5E7B4
:1016B000064CF3E700205DF8044B7047FD1100086D
:1016C00093120008A313000841130008D511000865
:1016D00010B44C780A2C07D00B2C07D044B9064C18
:1016E000A4465DF8044B6047044CF9E7044CF7E767
:1016F00000205DF8044B70474316000809130008EA
:10170000B512000810B44C78012C04D0032C08D07A
:101710001CB9094C09E04C885CB100205DF8044B11
:1017200070474C88002CF8D1044CA4465DF8044B5B
:101730006047034CF9E700BF591300088313000802
:101740009313000810B40C7814F0600F12D104F059
:101750001F04012C06D0022C08D05CB95DF8044BA4
:10176000FFF790BF5DF8044BFFF7B2BF5DF8044B85
:10177000FFF7C8BF00205DF8044B704710B5036841
:10178000826BD979838F994204460FD20B46002190
:10179000FFF704FD022384F82C302368A26BD9796B
:1017A000A38F0A445B1AA263A38710BD0021FFF731
:1017B000F5FC94F84430002B14BF0223032384F873
:1017C0002C30002384F84430A387A363EDE72DE990
:1017D000F04100F1380286B00446054600F12008C9
:1017E00000F13C0300F14007AE6C2EB9204606B074
:1017F000BDE8F041FFF7A6BF087895F84DE095F8F1
:101800004CC000EA0E00844503D008354545EBD1B5
:10181000ECE700972046CDE904230391B047012867
:10182000DDE90312059BF0D806B0BDE8F08110B5E4
:10183000012204460021FFF7C1FC002384F82C306C
:1018400010BD70B50368828FC48EDB79816BA41ADA
:101850009C42A8BF1C46A6B20A4433460021054656
:10186000FFF7A4FC864205D02846FFF7E0FF4FF0C3
:10187000FF3070BDAB8F1E44AE87A0B2F9E738B51C
:10188000036983638B79CA7943EA02238387044619
:101890000D46FFF79CFF00B3EB88ABB1A28F216828
:1018A0009342C9790ED932B1B2FBF1F301FB132295
:1018B000B2FA82F2520984F844202046BDE838404A
:1018C000FFF75CBF0022F6E71A4619462046FFF7ED
:1018D00065FC042384F82C3038BD2046BDE8384030
:1018E000FFF7A5BF70B5002400F1480656F8345044
:1018F0002DB10134042CF9D14FF0FF3070BD00EB55
:10190000C404284684F84C1084F84D20A364F5E7FD
:1019100070B50446002501220564294600F1300611
:10192000FFF754FCE28E2AB931462046BDE87040EC
:10193000FFF7A5BF94F93030002BF5DBA38A934263
:1019400004D22046BDE87040FFF771BF2369A3634E
:101950002368A587DB79934234BF0523062384F8E7
:101960002C302A4629462046BDE87040FFF72EBCA1
:1019700010B590F82C30062B044612D0072B27D038
:10198000052B21D1FFF75DFF002809DBA28FE38E35
:101990009B1A2268D279934202DC062384F82C3009
:1019A00010BDFFF74EFF0028FADB04F1300120469E
:1019B000FFF70DFF38B100231A4619462046FFF7FE
:1019C000EDFB0423EAE72046BDE81040FFF72FBFF8
:1019D00000231A461946FFF7E9FB002384F82C3050
:1019E000236C1BB104F13001204698470023236487
:1019F000D6E710B590F82C30032B044607D0042B03
:101A00000ED0022B23D1BDE81040FFF7B7BE07234D
:101A100080F82C300022BDE810401146FFF7D6BBFD
:101A2000036C13B100F13001984794F8303053B98A
:101A300094F83130052B06D1618ED4F8DC30C9B270
:101A40005B6820469847002384F82C3010BDBDE821
:101A50001040FFF7ECBE000008B540F28760FFF7CA
:101A6000ABF94FF0A043DA6842F04002DA601A693D
:101A7000002AFCDA1A6942F001021A614FF0A04311
:101A80001A69D207FCD4DA6B1948B2F5005F9A6B79
:101A90002CBF42F4041242F410229A634FF0A04388
:101AA000D3F8042822F00202C3F80428DA6842F0CE
:101AB000804242F47052DA6002225A61D3F8002860
:101AC00042F00302C3F800280022C3F8002E80224F
:101AD0005A62A0F8E8209A6842F001029A60054A2A
:101AE0009A610F22C3F81C280122C3F8102808BDF0
:101AF000083B00201028048008B540F21D60FFF765
:101B00005BF91B4B02225A61DA6842F04002DA604C
:101B10009A6B42F410229A631A69002AFCDA1A6955
:101B200042F001021A61196911F00101FBD1DA6872
:101B3000104842F0804242F47052DA60D3F8002834
:101B400042F00302C3F800284FF40072C3F8001EED
:101B50005A62A0F8E8209A6842F001029A60064AA8
:101B60009A610F22C3F81C280122C3F8102808BD6F
:101B7000000004400C3C002010280480FEE7704761
:101B800038B51D4A1D4B1E498B4220D31D4A0021EA
:101B9000934221D34FF0E0231B4CD3F8142D1B4D5F
:101BA00042F40072C3F8142DD3F8882D42F4700269
:101BB000C3F8882DAC4212D3154C164DAC4212D34B
:101BC000FEF7B6FC144C154DAC4210D338BD52F89C
:101BD000040B43F8040BD7E743F8041BD8E754F889
:101BE000043B9847E6E754F8043B9847E6E754F887
:101BF000043B9847E8E700BFAC9F000800000020C6
:101C00000C0A00204C3D0020A49F0008A49F00085F
:101C1000A49F0008A49F0008A49F0008A49F000898
:101C2000054B420903EB820300F01F00012202FA78
:101C300000F01860704700BF00E100E05A2893BF31
:101C400000F16040044B00F00F0000F564408CBFD1
:101C5000C1540170704700BF14ED00E04FF0E02266
:101C6000D2F8FC3D43F08073C2F8FC3D064B1A6885
:101C700012F0007201BF5A601A6842F0010201209E
:101C80000CBF1A6000207047001000E0034B18687A
:101C900010F0010018BF5868704700BF001000E046
:101CA000044AD2F8003C23F00F031843C2F8000C9A
:101CB000704700BF00300240034AD2F8003C43F4B2
:101CC0008063C2F8003C704700300240034AD2F8FB
:101CD000003C23F48063C2F8003C704700300240AF
:101CE000034AD2F8003C43F40073C2F8003C70474A
:101CF00000300240034AD2F8003C23F40073C2F8DB
:101D0000003C704700300240044A1368800323F40B
:101D1000404380B218431060704700BF007000401D
:101D2000D0F8DC30DA6AD2F8003823F4FE6343EAF4
:101D30000111C2F800187047D0F8DCC02DE9F0435B
:101D400011F07F05079FDCF82C6003F07F043ED183
:101D50003F2B31D9C6F80059DCF82C20C2F81049C5
:101D6000DCF82C10D1F8002942F00842C1F8002913
:101D7000DCF82C2044F0005444F40024C0F8F04077
:101D8000C2F8104BDCF82C10D1F8002B42F00842BE
:101D9000C1F8002BBCF83220DCF82C109B0842EA7A
:101DA00003428A62B0F8E82013449BB2A0F8E830FE
:101DB000A0F8EA30BDE8F0831F2B03D90122C6F852
:101DC0000029C9E70F2B8CBF02220322F7E709067F
:101DD0004FEA451E4FEA82422AD5B0F8E89005F155
:101DE0004008990806EB880649EA0148C6F80080D1
:101DF0004944A0F8E810DCF82C1001F5116142EA22
:101E0000855241F80E40DCF82C4005F1480104EB06
:101E1000411113430C6843F0184343F40043234338
:101E20000B60002FC6D00C2303FB05008766C1E7BB
:101E300005F13C0106F5316644F4002440F82140E8
:101E400046F80E40DCF82C4005F1580104EB411136
:101E500013430C6843F0144343F4004323430B60E3
:101E6000002FA7D00C2303FB0500C766A2E7B0F83C
:101E7000EA30D0F8DC2010B5A0F8E8304FF4326337
:101E8000D16A58580028BEBF585840F0804058507A
:101E9000A3F50070D16A4458002CB8BF445803F130
:101EA0002003BCBF44F080444450B3F5386FE7D101
:101EB000D36A4FF486621A6110BDD0F8DC0030B5E9
:101EC000C46A11BBD4F8003952B143F40013C4F80A
:101ED0000039C36A5831C9B203EB41110B6820E0E5
:101EE00023F40013C4F80039C26A58312023C9B260
:101EF00013FB0122146824F400141460C26A13FB5B
:101F000001210B6843F080530DE00B0616D501F05C
:101F10007F012023483111FB03F513FB01410B68BE
:101F20001AB143F400130B6007E023F400130B60B5
:101F3000C26AAB5843F08053AB5030BD002AD3D0B7
:101F4000C7E7D0F8DC3011F0800FDA6A14BF01F077
:101F50007F0158314FF0200314BF4831C9B213FB41
:101F600001210868C0F3405070470B060CD4431899
:101F7000583183F8EC20D0F8DC304901DB6A22B11B
:101F8000CA5842F00062CA507047CA5842F0806294
:101F9000F9E7F0B5D0F8DC60F06A01F07F0100F5F8
:101FA0001160202414FB010005682D0318D443F4AC
:101FB00000270760F06A01F1480714FB07000131B0
:101FC000046844F004441D4604600903002D01DC4C
:101FD0001846F0BDF06A52F8044B0C50043DF5E78A
:101FE0000023F5E737B5B0F800519D4228BF1D46E4
:101FF000014614462B46032B1FDCA8086FF0030391
:1020000003FB005302EB8000A3B1D1F8DC20B1F850
:102010000041D26A032C02F5805288BF043C12684A
:1020200001928CBFA4B20024A1F800411A4601A974
:1020300000F0C2FD284603B030BDD1F8DC00C06A14
:1020400000F58050043B006844F8040BB1F800012F
:102050000438A1F80001CEE7D0F8DC30DA6A2DE9C7
:10206000F047566916F40055044609D05B8E4FF4CC
:1020700000515161BDE8F047A0F8E830FFF776B8AD
:1020800000F168084FF00C094FF0010AD4F8DC3079
:10209000DB6A6F0103F60813DB59DB070ED509FB7A
:1020A00005F358F8033013B1E9B220469847D4F845
:1020B000DC30DB6A03F6081343F807A00135042D72
:1020C000E4D1F0065ED5D4F8DC00D0F82CC0DCF802
:1020D000202002F4F011B1F5002F02F00F0526D1F7
:1020E0000C2303FB054329461B6F20469847D4F871
:1020F000DC10CB6A05F13C0003F53162202313FBB1
:10210000052254F820001060CA6A2C4405F15800DA
:1021100094F8EC1013FB002300291A6814BF4FF049
:1021200008414FF004410A431A60BDE8F087B1F559
:10213000C02FDCD0B1F5802F01D101230DE0B1F526
:10214000402FF2D120230CF5116113FB051115FB73
:1021500003F70968090340D40223C2F30A12022BD1
:10216000A4F8002165D1082304F130022946204655
:10217000FFF738FFB4F800110023994263DC002315
:10218000A4F80031320508D5236A03B19847D4F882
:10219000DC30DB6A4FF400625A61002E08DA636AB1
:1021A00003B19847D4F8DC30DB6A4FF000425A6143
:1021B000330707D5A36A03B19847D4F8DC30DB6A4C
:1021C00008225A61D4F8DC30A26ADB6A002A42D0C5
:1021D0009A6942F008029A61A7E705F1480111FBEC
:1021E00003FE13FB01C3196841F000611960C16A65
:1021F00001F608133B44D3F800C01CF0400FFAD09E
:102200005EF801309B0DD1F810E0BEF1000FFADA54
:102210009B0103F4707343F020030B61C36A03F561
:1022200011630021D951C36A103319688906FCD49F
:1022300092E70C2303FB0543DB6E002B9AD0294663
:102240002046984796E7D4F8DC20D26A02F58052FF
:102250000433126891E79A6922F00802BBE7D0F8CC
:10226000DC30DB6AD3F8042821B142F00202C3F863
:102270000428704722F00202F9E7000008B50620A2
:1022800000F098FF012007F0DDFA00BF38B50B4DD4
:102290002B6804460BB19A6B2AB1B4F90C3033B1F8
:1022A000B4F90E0038BD184600F0F6F8F5E72B68D3
:1022B00009221A604FF0FF3038BD00BF60000020D7
:1022C00000207047014900F027B900BF21600008D5
:1022D000002070472DE9F84F2D4A4668C26300245C
:1022E0000323C0E9B843074600F53B720423C0F856
:1022F000E8222146C6E902430822C6E90044C6E9AD
:1023000004447466B46106F15C0000F0EFFCDFF891
:102310008CB0BD68DFF888A0DFF88890DFF888808F
:102320001C4BC6F824A0C6E9076BC6F82890C6F86F
:102330002C800822EB60C5E90044C5E904446C66C2
:10234000AC60AC61214605F15C0000F0CFFCC5E952
:10235000075BC5E909A9C5F82C80FD680E4BEB6049
:10236000C5E90044C5E904446C66AC60AC61214633
:10237000082205F15C0000F0B9FC0123C5E9075B08
:10238000C5E90A98C5F824A0BB63BDE8F88F00BF73
:10239000C5220008090001001200020035330008C0
:1023A0005D3300089D330008BD33000870B5682216
:1023B0004D1E02FB05F50E4605F1740100F020F9F3
:1023C000044640B100210C30C4E90016A06005F1BC
:1023D000680200F08BFC204670BD00BF274B2DE942
:1023E000F0411E68B36B07465BB306F538764FF0D5
:1023F0000408D6E90134013B04D51EE05A1C04F15F
:1024000068041AD0B4F90C50013B002DF6D11C4BD6
:102410006566C4E90055C4E90253C4E90455A561E1
:102420000822294604F15C0000F060FCC4E90C5568
:10243000C4E911552046BDE8F08135682DB12E461E
:10244000D7E73046FFF746FFCFE74FF4D67138465F
:1024500000F0D6F8044668B10560C0F804800C307E
:102460002946A06025464FF4D07200F03FFC34604E
:102470002E46BEE70C2330603B60DBE7149C00086F
:102480000100FFFF024B0349186800F045B800BF88
:10249000149C000821600008836B03B1704719E7A2
:1024A000704700BF704700BF704700BF704700BF54
:1024B000024B0349186800F00FB800BF600000200D
:1024C000C1220008024B0349186800F005B800BF9C
:1024D00060000020D12200082DE9F041884600F577
:1024E00038770026D7E90154013D0FD4A389012B89
:1024F00005F1FF3506D9B4F90E300133204601D07D
:10250000C04706436B1C04F16804EFD13F68002FFD
:10251000E8D13046BDE8F0812DE9F843074688460A
:1025200000F538764FF00009D6E90154013D11D489
:10253000A389012B05F1FF3508D9B4F90E30013319
:10254000214603D03846C04749EA00096B1C04F114
:102550006804EDD13668002EE6D14846BDE8F88320
:1025600038B50D46044608B1836B4BB16B68013B2F
:10257000002B6B600BDB2B685A1C2A60187838BD67
:10258000FFF78AFF6B68013B002B6B60F3DA29468B
:102590002046BDE8384000F07FBC00BF38B50F4B87
:1025A0001D6804460DB1AB6B4BB16368013B002B5A
:1025B00063600CDB23685A1C2260187838BD2846FB
:1025C000FFF76AFF6368013B002B6360F2DA214684
:1025D0002846BDE8384000F05FBC00BF6000002026
:1025E000024B0146186800F00BB800BF60000020E5
:1025F000024B0146186803F071BE00BF6000002066
:102600002DE9F04F01F10B06162E83B0044624D8B5
:10261000102900F2BA8000F0BBFB1026182202201D
:10262000B74F3A44A2F1080153688B4200F0BA80D8
:102630005A68D96822F003021A449D68E9608D60E7
:10264000516841F001012046516003F1080500F096
:10265000A1FB284603B0BDE8F08F36F0070600F175
:102660009480B14200F2918000F092FBB6F5FC7FBD
:10267000C0F09681730A00F08F80042B00F26B810A
:10268000B30903F1390003F1380CC3009C4F3B44FC
:10269000A3F108055B689D4206D10CE0002980F299
:1026A0002B81DB689D4206D05A6822F00302911B01
:1026B0000F29F3DD60463D69DFF848C265457CD0EF
:1026C0006A6822F00302931B0F2B00F37781002B23
:1026D000C7E904CC80F26881B2F5007F80F01681F2
:1026E000D308796801334FEA521E012202FA0EF232
:1026F0000A4357F833E0C5F808E007EBC30108398F
:10270000E9607A6047F83350CEF80C50831001210D
:102710009940914257D8114206D120F00300490058
:10272000114200F10400FAD007EBC0094D4686467D
:10273000D5F80C80454508D119E1002B80F22081A5
:10274000D8F80C80454500F01281D8F8042022F01A
:102750000302931B0F2BF0DD2046D8E9025408EB4F
:10276000060146F00106C8F80460EC60A56043F07D
:102770000104C7E90411C1E902CC4C6048F80230F9
:1027800000F008FB08F1080502E00C232360002597
:10279000284603B0BDE8F08F4FF4007340204FF09F
:1027A0003F0C73E7D3689A4208BF02307FF440AF12
:1027B0003D69DFF850C1654582D17A6883100121F7
:1027C00099409142A7D9BD686B6823F0030846453C
:1027D00003D8A8EB06030F2B7EDCDFF82C91D7F88B
:1027E0000824D9F800300132334405EB080A00F020
:1027F0002F8103F580530F3323F47F6B2BF00F0BE6
:1028000059462046FEF700FA411C024600F0EF80D0
:10281000824500F2EA80D9F804105944C9F804103E
:102820000B4600F04B81D7F8081401311BBFA2EB17
:102830000A0A5344C7F80824C9F8043012F0070301
:1028400000F01281C3F108010A44C3F5805193449A
:102850000831A1EB0B01C1F30B0A5146204601924E
:102860000093FEF7D1F9421CDDE9003200F04B8104
:10287000831A03EB0A0BD9F80400BA604BF001038A
:102880000AEB0001BD425360C9F8041000F0228138
:10289000B8F10F0F40F220816B68A8F10C0020F016
:1028A000070003F0010303436B604FF0050C2B1886
:1028B0000F28C3E901CC00F22D8153681546D9F8E1
:1028C0002C208A42D9F8302038BFC9F82C108A420F
:1028D00038BFC9F830108CE0AA1943F0010346F064
:1028E00001066E602046BA60536000F053FA083566
:1028F000284603B0BDE8F08FD9681A449DE600BFB2
:102900009004002098040020103D0020B2F5206FB4
:102910004FEA522363D3142B00F2B88003F15C0119
:10292000C9005B3307EB010E7958AEF1080E8E45F6
:1029300000F091804B6823F00303934202D9896829
:102940008E45F7D1D1F80CE07A68C5E9021ECEF8C1
:102950000850CD60DAE6142B59D9542B00F29E8032
:10296000330B03F16F0003F16E0CC3008EE60EF122
:10297000010E1EF0030F05F108057FF4D9AE51E0FA
:10298000424445465368D8F80C1043F001035360A5
:1029900055F8083F2046D9608B6000F0FBF9F7E658
:1029A000F00806F108023BE62A442046536843F04B
:1029B00001035360083500F0EDF9E9E6A919204656
:1029C00046F0010643F001046E60C7E90411C1E955
:1029D00002CC4C60AB5000F0DDF90835D8E6930925
:1029E00003F13901C90038339CE7BD4260D0BD68AE
:1029F0006B6823F0030B5E45ABEB060302D80F2B8D
:102A00003FF76AAF204600F0C5F90025C0E603F1A4
:102A10005C0003F15B0CC30038E659F808394B45FC
:102A200040F0968010F0030F00F1FF30F5D17B6885
:102A300023EA01037B60490099423FF6C4AE19B90D
:102A4000C1E649000EF1040E1942FAD070466BE659
:102A500003F1100BD4E69A104FF001087B6808FAD6
:102A600002F21A437A6070E702EB0B014942C1F3AC
:102A70000B0A5146204601930092FEF7C5F8431C0D
:102A8000DDE900237FF4F4AE9A46F4E6542B26D811
:102A9000130B03F16F01C9006E3343E7B3F5AA7F4F
:102AA00026D8F30B03F1780003F1770CC300EDE5B2
:102AB000D9F804305B44C9F80430B4E6CAF30B001B
:102AC00000287FF4B0AEBD6808EB0B0343F00103B0
:102AD0006B60F4E61546F2E60123536092E7B3F526
:102AE000AA7F21D8D30B03F17801C900773319E706
:102AF00040F25452934221D8B30C03F17D0003F10C
:102B00007C0CC300C2E5083B9B44ABEB020B4FF0CF
:102B1000000AB0E605F10801204603F0DFFBBD68BE
:102B2000D9F804106B68CAE640F254518B420BD8B6
:102B3000930C03F17D01C9007C33F3E64FF47E73FF
:102B40007F204FF07E0CA1E54FF47E717E23E9E6F5
:102B50007B6870E7032A70B515D940EA010C1CF0B8
:102B6000030F04460B4621D1194620460E6805681E
:102B7000B54204F1040403F1040317D1043A032A13
:102B800020461946F0D8541EA2B100F1FF3C01398D
:102B900001E0C3180CD01CF801EF11F8012F964585
:102BA000A4EB0C03F5D0AEEB020070BD541EECE7B5
:102BB000184670BD104670BD844641EA000313F00C
:102BC00003036DD1403A41D351F8043B40F8043B34
:102BD00051F8043B40F8043B51F8043B40F8043BF7
:102BE00051F8043B40F8043B51F8043B40F8043BE7
:102BF00051F8043B40F8043B51F8043B40F8043BD7
:102C000051F8043B40F8043B51F8043B40F8043BC6
:102C100051F8043B40F8043B51F8043B40F8043BB6
:102C200051F8043B40F8043B51F8043B40F8043BA6
:102C300051F8043B40F8043B51F8043B40F8043B96
:102C400051F8043B40F8043B403ABDD2303211D336
:102C500051F8043B40F8043B51F8043B40F8043B76
:102C600051F8043B40F8043B51F8043B40F8043B66
:102C7000103AEDD20C3205D351F8043B40F8043B36
:102C8000043AF9D2043208D0D2071CBF11F8013B34
:102C900000F8013B01D30B8803806046704700BFFA
:102CA000082A13D38B078DD010F003038AD0C3F109
:102CB0000403D21ADB071CBF11F8013B00F8013BEB
:102CC00080D331F8023B20F8023B7BE7043AD9D3AA
:102CD000013A11F8013B00F8013BF9D20B7803707F
:102CE0004B7843708B78837060467047830730B5AC
:102CF00048D0541E002A3FD0CAB2034601E0013C2E
:102D00003AD303F8012B9D07F9D1032C2DD9CDB26D
:102D100045EA05250F2C45EA054536D9A4F11002F0
:102D200022F00F0C03F1200EE6444FEA121C03F1CF
:102D3000100242E9045542E9025510327245F8D1B9
:102D40000CF1010214F00C0F03EB021204F00F0C53
:102D500013D0ACF1040323F003030433134442F80B
:102D6000045B9342FBD10CF003042CB1CAB21C44A7
:102D700003F8012B9C42FBD130BD64461346002C66
:102D8000F4D1F9E703461446BFE71A46A446E0E744
:102D9000704700BF704700BF0EB400B582B003ABF0
:102DA000816853F8042B019300F03AFD02B05DF8FE
:102DB00004EB03B0704700BF0FB400B5074983B000
:102DC00004AB086853F8042B8168019300F028FDD8
:102DD00003B05DF804EB04B0704700BF6000002052
:102DE00070B50D461646044608B1836B7BB1B368D7
:102DF000013B002BB36011DAB069834214DBE8B207
:102E00000A2811D033685C1C34601D7070BDFFF758
:102E100043FBB368013B002BB360EDDB33685C1C04
:102E200034601D70E8B270BD324629462046BDE8C8
:102E3000704001F0C3BF00BF164B70B51E68054659
:102E40000C460EB1B36B7BB1A368013B002BA360B2
:102E500012DAA269934215DBE8B20A2812D023687D
:102E60005A1C22601D7070BD3046FFF715FBA36829
:102E7000013B002BA360ECDB23685A1C22601D7011
:102E8000E8B270BD224629463046BDE8704001F0E8
:102E900095BF00BF6000002038B50C46054608B15C
:102EA000836B63B12146284604F074F950B9D4E924
:102EB0000023511C013BC4E90013107838BDFFF713
:102EC000EBFAEFE74FF0FF3038BD00BF38B50D4BE0
:102ED0001D6804460DB1AB6B63B12146284604F072
:102EE00059F958B9D4E90023511C013BC4E9001336
:102EF000107838BD2846FFF7CFFAEEE74FF0FF30E5
:102F000038BD00BF600000202DE9F0435A4CD4F8D2
:102F1000008083B004460E4617461D46B8F1000FE8
:102F200003D0D8F83830002B68D0022F05D0012FFD
:102F300000F28E80002DC0F28B802146404603F0C7
:102F40003FF9216B41B104F14003994202D0404660
:102F500003F0C4F900232363B4F90CC000231CF070
:102F6000800FA361636051D12CF44A6C2CF0030CE8
:102F7000022FA4F80CC057D001AB6A462146404648
:102F800003F02CFBA3891843A08125B326B3D8F8FE
:102F900038307BB3009BB4F90CC02660AB421CBF39
:102FA0004CF4006CA4F80CC0012F04BF4CF0010CD1
:102FB000A4F80CC01CF00800C4E904651FFA8CF3E7
:102FC00020D013F001003FD000206D42A060A56129
:102FD00003B0BDE8F083009D2846FFF701FB0646DD
:102FE000002838D0A38943F08003A381D8F8383073
:102FF000002BCFD14046FFF74FFACBE74046FFF713
:103000004BFA92E7A06003B0BDE8F0832169404627
:1030100003F064F9B4F90CC02CF44A6C2CF0030CE6
:10302000022FA4F80CC0A7D1002004F143034CF0F8
:10303000020C00210122C4E90432A4F80CC0A160F2
:10304000236003B0BDE8F083A56003B0BDE8F08362
:103050004FF0FF30D7E7DDF80090A94504D048468F
:10306000FFF7BEFA064620B9B4F90CC04FF0FF30A6
:10307000DBE74D46B6E700BF6000002038B5D0F86A
:10308000DC420CB1002038BD80210546FFF7B8FABC
:103090000246C5F8DC0230B1031F7C3243F8044F0E
:1030A0009342FBD1EEE74FF0FF3038BD1F29F8B552
:1030B000054609D8D0F8DC620C4617464EB156F8E2
:1030C000240046F82470F8BD162303604FF0FF304B
:1030D000F8BD8021FFF794FA0646C5F8DC0240B13E
:1030E000031F00F17C05002143F8041F9D42FBD122
:1030F000E5E74FF0FF30F8BD1F2938B5054621D868
:10310000D0F8DC220C466AB152F8213053B1012BC1
:1031100016D0591C10D00025204642F8245098475C
:10312000284638BD284600F003F9224601462846C5
:10313000BDE8384000F0E6B816230360012038BD32
:10314000002038BD162303604FF0FF3038BD00BFAC
:103150001F292CD8D0F8DC2238B50C46054682B1A0
:1031600052F8243002EB84024BB1591C1AD0012BC7
:1031700016D00025204615609847284638BD012006
:1031800038BD8021FFF73CFA0246C5F8DC0258B191
:10319000031F00217C3043F8041F9842FBD1DFE776
:1031A000032038BD022038BD4FF0FF3038BD4FF04E
:1031B000FF30704738B5154B1F281D6820D8D5F84B
:1031C000DC22044662B152F820304BB1012B15D0FD
:1031D000591C0FD0002542F820509847284638BD8A
:1031E000284600F0A5F8224601462846BDE83840AA
:1031F00000F088B816232B60012038BD002038BDB0
:1032000016232B604FF0FF3038BD00BF6000002058
:10321000134B1F2870B51E6809D80D46D6F8DC126E
:10322000044649B151F8240041F8245070BD1623DA
:1032300033604FF0FF3070BD80213046FFF7E0F97A
:103240000146C6F8DC0240B1031F00F17C0C0022ED
:1032500043F8042F6345FBD1E4E74FF0FF3070BD26
:103260006000002038B50C4B1D68D5F8DC420CB16D
:10327000002038BD80212846FFF7C2F9C5F8DC02DE
:1032800038B1031F00F17C0243F8044F9342FBD195
:10329000EEE74FF0FF3038BD6000002038B5184B26
:1032A0001F281D6828D8D5F8DC22044682B152F8C0
:1032B000243002EB84024BB1591C1BD0012B17D0D8
:1032C0000025204615609847284638BD012038BDA6
:1032D00080212846FFF794F90246C5F8DC0258B170
:1032E000031F00217C3043F8041F8342FBD1DEE73B
:1032F000032038BD022038BD4FF0FF3038BD00BF7D
:103300006000002070B50C46084D0346002620469C
:1033100011461C462E6006F057FA431C00D070BDC3
:103320002B68002BFBD0236070BD00BF443D002004
:1033300006F03ABA10B50C46B1F90E10FDF74EFC86
:10334000002803DB236D0344236510BDA38923F408
:103350008053A38110BD00BF002070472DE9F041CC
:103360000C46B1F90C101F46CB05054616460BD48A
:1033700021F48051A1813B46B4F90E103246284613
:10338000BDE8F041FDF71CBCB4F90E100223002289
:10339000FDF753FCB4F90C10EAE700BF10B50C467A
:1033A000B1F90E10FDF749FCA389421C0EBF23F4AE
:1033B000805343F480532065A38110BDB1F90E10F2
:1033C000FDF71ABC00000000000000000000000033
:1033D00000000000000000000000000000000000ED
:1033E000A2EB0300704700BF02780B78012A28BFC8
:1033F0009A42F5D16DE9044540EA0104CDE902673E
:103400006FF0000C4FEA447212B380EA010414F02A
:10341000070F6AD100F0070420F0070004F003054D
:1034200021F007014FEAC505F0E8042314F0040F6A
:10343000F1E804670CFA05F462EA040266EA04069D
:103440000AD063EA0403624667EA0407664603E0BB
:10345000F0E80423F1E8046782FA4CF582EA0604F6
:10346000A4FA8CF46CBB83FA4CF583EA0705A5FA41
:103470008CF595B950E9022351E9026782FA4CF5BF
:1034800082EA0604A4FA8CF483FA4CF583EA070571
:10349000A5FA8CF52543DBD09CB92DBAB5FA85F495
:1034A00024F0070427FA04F1DDE9026723FA04F3A4
:1034B00003F0FF0001F0FF01FDE80445A0EB01006F
:1034C000704724BAB4FA84F424F0070426FA04F10D
:1034D000DDE9026722FA04F202F0FF0001F0FF01C9
:1034E000FDE80445A0EB0100704714F0030F3CD148
:1034F00010F0030428D150F8082B51F8083B82FA49
:103500004CF582EA0305A5FA8CF55DB950F8042C58
:1035100051F8043C82FA4CF582EA0305A5FA8CF5D1
:10352000002DE8D02DBAB5FA85F424F0070423FA6B
:1035300004F122FA04F202F0FF0001F0FF01FDE8BD
:103540000445A0EB010070474FEAC40420F00300DB
:1035500050F8082B21F0030151F8083B0CFA04F451
:1035600062EA040263EA0403C9E710F003041AD014
:10357000A1EB040120F00300E40750F8042B06D06F
:103580000FD28B785FFAA2F4E41A06D12BB1CB7874
:103590005FFAB2F4E41A00D11BB920465DF8104B73
:1035A000704701F1040150F8042BCC0721F003010E
:1035B00051F8043B48D824D222F07F4482FA4CF5DB
:1035C00094EA1325A5FA8CF50AD165B951F8043BA4
:1035D00084EA0204B4EB036F0ED150F8042BEBE73E
:1035E0004FEA132355E035F07F454DD10878FDE8CB
:1035F0000445C0F1000070474FEA126203F0FF0378
:1036000047E002EA1C4482FA4CF594EA1345A5FA15
:103610008CF50AD165B951F8043B84EA0204B4EB95
:10362000034F0CD150F8042BEBE74FEA134330E083
:1036300015EA1C4528D10B884FEA124229E04FEACF
:10364000124203EA1C4324E002F0FF0482FA4CF524
:1036500094EA1365A5FA8CF50AD165B951F8043BD3
:1036600084EA0204B4EB032F09D150F8042BEBE7F2
:103670004FEA13630DE015F0FF0F05D10B684FEA19
:10368000122223F07F4304E04FF00000FDE80445E0
:10369000704712BA1BBA82FA4CF482EA0304A4FA05
:1036A0008CF5B5FA85F402FA04F203FA04F34FEA52
:1036B0001260FDE80445A0EB1360704700000000B5
:1036C00090F800F06DE9024520F007016FF0000C62
:1036D00010F0070491F820F040F049804FF000040A
:1036E0006FF00700D1E9002391F840F000F10800E5
:1036F00082FA4CF2A4FA8CF283FA4CF3A2FA8CF31D
:103700004BBBD1E9022382FA4CF200F10800A4FA83
:103710008CF283FA4CF3A2FA8CF3E3B9D1E90423D7
:1037200082FA4CF200F10800A4FA8CF283FA4CF30E
:10373000A2FA8CF37BB9D1E9062301F1200182FAC8
:103740004CF200F10800A4FA8CF283FA4CF3A2FACE
:103750008CF3002BC6D0002A04BF04301A4612BADC
:10376000B2FA82F2FDE8024500EBD2007047D1E9DF
:10377000002304F00305C4F100004FEAC50514F06E
:10378000040F91F840F00CFA05F562EA05021CBF3F
:1037900063EA050362464FF00004A9E7A2B330B51F
:1037A00040EA0104A40784460B462AD09CF8000096
:1037B0000C7884422FD1012A0DD0E64660B11EF864
:1037C000010F11F8014F6FEA0E03A042134422D1FA
:1037D0001CEB0303F2D1002030BD0468194653F8F6
:1037E000045BA4F1013EAC4284462EEA040E00F1D3
:1037F00004000BD1043A84461946ECD01EF0803FF9
:10380000E9D1032AE9D8D1E7104670479CF80000B7
:103810000C78A042D1D0001B30BD00BF00000000DA
:103820002DE9F04F2DED068BBBB01C468846914626
:1038300009EE100A054602F059FE03681093184677
:103840000994FFF73DFF0E901DB1AB6B002B00F00C
:103850004282B8F90C20950493B20AD442F4005382
:10386000D8F86420A8F80C3022F400529BB2C8F8B3
:103870006420180740F1AB80D8F81020002A00F02F
:10388000A68003F01A030A2B00F0B0809FED947B12
:103890000023CDE91E338DED0C7B2AAA0B931D92DC
:1038A00092460F931193079399F80030002B00F084
:1038B000A4814C4604E014F8013F002B00F0E580A1
:1038C000252BF8D1B4EB090540F0E3802378002BD9
:1038D00000F0938100234FF0FF32CDE90523657896
:1038E0008DF8573004F1010918469B4609F101098A
:1038F000A5F12002582A00F2F780DFE812F07F02DB
:10390000F500F5007A02F500F500F500F500F50088
:10391000F5002D027502F50038023D02F500700237
:1039200059005900590059005900590059005900CF
:103930005900F500F500F500F500F500F500F5007B
:10394000F500F500F50057028901F5008901F50041
:10395000F500F500F500B602F500F5009800F50059
:10396000F500F500F500F5008800F500F50095027A
:10397000F500F500F500F500F500F500F500F5009F
:10398000F500F5008702F001890189018901BB0278
:10399000F001F500F500EC02F500D6029A00C50230
:1039A000C002F5001B03F5008A00F500F500F902DE
:1039B000A5F13002002119F8015B01EB810102EB56
:1039C0004101A5F13002092AF5D9069190E719EED7
:1039D000100A414601F056FA002841F02681B8F855
:1039E0000C3003F01A030A2B7FF450AFB8F90E30F5
:1039F000002BFFF64BAF19EE100A23464A4641460C
:103A00003BB0BDEC068BBDE8F04F01F0A1B94BF027
:103A1000100B1BF0200100F05081099B073323F0AD
:103A20000703596853F8080B099301230EE04BF084
:103A3000100B1BF0200100F03381099B073323F0AA
:103A40000703596853F8080B0993002300248DF8E5
:103A50005740059A561C00F091822BF08006039681
:103A600050EA010640F08882002A40F00D83002BC6
:103A700040F01E851BF00103089300F0948530236D
:103A80008DF8A7300DF1A7069DE2B4EB090500F013
:103A9000B4801F9B2B441F931E9B0133072BCAE945
:103AA00000951E9305DC0AF1080A079B2B44079337
:103AB0000CE719EE100A1DAA414603F031FC18B9B3
:103AC0000DF1A80AF1E7B046B8F80C305B0601F139
:103AD000AC8007983BB0BDEC068BBDE8F08F00BF13
:103AE0000000000000000000002B40F0E587002DE2
:103AF00000F0838000238DF8573001238DF880502B
:103B00000493089320AE0023CDF80CB005930A93DC
:103B1000039B13F0020302D0049A02320492039A28
:103B200012F0840B05D1069A0499571A002F00F35E
:103B3000A2831F9C9DF857208AB11E9A0DF1570150
:103B400001320134CAF80010072A4FF001011F9416
:103B50001E92CAF8041000F3DD830AF1080A83B14B
:103B60001E9B16AA01330234CAF80020072B4FF01F
:103B700002021F941E93CAF8042000F3DA830AF1AC
:103B8000080ABBF1800F00F09B82059B089AA3EB0B
:103B9000020BBBF1000F00F3D682039BDF0500F19F
:103BA0001B82089BCAF804301C441E9BCAF80060A4
:103BB0000133072B1F941E9300F350830AF1080A68
:103BC000039B5A0705D5069B049A9D1A002D00F306
:103BD000BD83DDE9062304998A42ACBF9B185B18BC
:103BE0000793002C40F0EA8200231E9399F80030DE
:103BF0000DF1A80A002B7FF45CAE1F9B002B3FF455
:103C000063AF19EE100A1DAA414603F089FB5BE77A
:103C1000002B40F0F687099B073323F00703B3EC32
:103C2000027B8DED0C7BDDE90C67099327F00043E7
:103C300008EE903A08EE106AB94B51EC180B4FF0B1
:103C4000FF3205F0E1FB002840F0B484B44B51ECA6
:103C5000180B4FF0FF3205F0B9FB002840F0AA84A2
:103C6000002200233046394605F0A6FB002840F02C
:103C700002879DF85740AB4E2BF080030393AA4B6D
:103C80000022472DC8BF1E460323CDE90432089306
:103C90000A92002C3FF43CAF049B0133049337E7B6
:103CA0001BF0100352D11BF040014FD0099A52F87B
:103CB000040B0992194680B2C8E61BF010033FD1ED
:103CC0001BF040013CD0099A52F8040B09921946A6
:103CD00080B20123BAE62846FEF7DEFBB9E5002BE9
:103CE00040F09F871BF0200F099B68D0073323F01B
:103CF00007031A465B6852F8080B09921946002B15
:103D0000C0F23D84059B013300F005852BF0800354
:103D1000039350EA01039DF8574000F0C583DDF896
:103D20000CB00A2871F1000380F0FC8430300123CC
:103D30008DF8A700CDF80CB008930DF1A70642E16D
:103D4000099B53F8040B099301237FE6099B53F861
:103D5000040B09930B4679E6099A52F8041B069165
:103D6000002980F21B84069909924942069199F82C
:103D700000504BF0040BB9E5494611F8015B2A2DC0
:103D800000F0C587A5F13002092A894698BF0021B5
:103D900000F2338719F8015B01EB810102EB41016D
:103DA000A5F13002092AF5D90591A1E5002B40F0D3
:103DB00030874BF0100B1BF0200F099B96D153F866
:103DC000040B09931BF0100F40F0D4831BF0400F3D
:103DD00000F0D08340F3C0310B4600B28FE799F872
:103DE00000504BF0800B81E599F8005001232B2007
:103DF0007CE599F800504BF0010B77E599F80050FD
:103E000000287FF473AD012320206FE5099B002279
:103E10008DF8572053F8042B099301238DF8802047
:103E20000493089320AE6EE6002B40F0E2863F4BF1
:103E30000F931BF0200163D0099B073323F0070386
:103E4000596853F8080B09931BF0010F0BD050EA87
:103E5000010308D030238DF858308DF859504BF0BD
:103E6000020B0223F2E50223F0E599F800504BF033
:103E7000080B3BE599F800504BF0400B36E599F8FC
:103E800000504BF0200B31E5099B53F8040B0993CC
:103E9000302378258DF85830254B0F934BF0020BCB
:103EA0008DF8595000210223D0E5002B40F0AD865B
:103EB0001BF0200F40F025841BF0100F40F09D8474
:103EC0001BF0400F00F09984099B079953F8042BCD
:103ED00009931180E8E499F800506C2D03BF99F81C
:103EE00001504BF0200B09F101094BF0100BFDE4E0
:103EF000002B40F092860E4B0F931BF020019BD1BC
:103F00001BF0100340F031831BF0400100F02D83C3
:103F1000099A52F8040B0992194680B294E700BF3F
:103F2000FFFFEF7F189C00081C9C00083C9C0008C9
:103F3000289C0008099C059B54F8046B00278DF809
:103F40005770002E00F027845A1C00F023851A4673
:103F50003946304602F074FB002800F03286831B9D
:103F6000089323EAE373099405979DF85740CDF829
:103F70000CB004930A978CE6DDF80CB0012B3FF4EB
:103F8000D0AE022B00F088802AAE00F00703C008F4
:103F900040EA4170C908303350EA0107324606F85A
:103FA000013DF2D11BF0010F00F08480302B00F0B6
:103FB00081803023023A06F8013C2AAB9B1ACDF8E7
:103FC0000CB008931646059B089A9342B8BF134657
:103FD000049300230A935CE6652D40F3F980DDE944
:103FE0000C010022002305F0DDF9002800F0E98132
:103FF0001E9BC54ACAF80020013301340122072B59
:104000001F941E93CAF8042000F36B840AF1080A77
:10401000179B0B9A934280F2BC820E9B109A1C4411
:10402000CAE900231E9B1F940133072B1E9300F344
:10403000A5830AF1080A0B9B5D1E002D7FF7C0AD1A
:10404000102D1E9BB14F40F3408419EE10BA10267C
:1040500005E00AF1080A103D102D40F336840133C3
:104060001034072BCAE90076CDE91E34F1DD1DAA14
:104070004146584603F054F900287FF425ADDDE9A8
:104080001E340DF1A80AE6E7012B00F04885022B4B
:10409000DDF80CB07FF478AF0F9A2AAE00F00F0372
:1040A0000009D35C06F8013D40EA0170090950EAB5
:1040B0000103F3D12AAB9B1BCDF80CB0089382E728
:1040C000069B049AA3EB020BBBF1000F7FF75DADDB
:1040D000BBF1100F1E9A8D4F27DD2146102319EEDC
:1040E000104A06E0ABF1100BBBF1100F0AF1080A01
:1040F0001ADD01321031072ACAE90073CDE91E2109
:10410000F0DD1DAA414620460DF1A80A03F008F98A
:1041100000287FF4D9ACABF1100BBBF1100FDDE937
:104120001E214FF01003E4DC0C4601325C44072AE8
:10413000CDE91E24CAF80070CAF804B000F3DF838A
:104140000AF1080A21E5BBF1100F1E9A6F4F27DD17
:104150002146102319EE104A06E0ABF1100BBBF11B
:10416000100F0AF1080A1ADD01321031072ACAE9D4
:104170000073CDE91E21F0DD1DAA4146204603F063
:10418000CFF800287FF4A0ACABF1100BBBF1100FFF
:10419000DDE91E210DF1A80A4FF01003E4DC0C4606
:1041A00001325C44072ACDE91E24CAF80070CAF81F
:1041B00004B000F3CC810AF1080AEEE419EE100A0B
:1041C0001DAA414603F0ACF800283FF40DAD7BE496
:1041D0000B9B012B40F371811E9DCAF800600135D5
:1041E00001340123072D1F941E95CAF8043000F3F3
:1041F0000C830AF1080A0E9B109A01351C44072D06
:10420000CAE90023CDE91E5400F30D830AF1080A20
:10421000DDE90C010022002305F0C4F8002840F07D
:104220006B810B9B0135013B01361C44072DCAF8FD
:1042300000601E95CAF804301F9400F34F810AF104
:10424000080A119BCAF8043001351C44072D19AB2C
:10425000CDE91E54CAF800307FF7B0AC19EE100A51
:104260001DAA414603F05CF800287FF42DAC1F9C8A
:104270000DF1A80AA4E4102FDDE91E2134DD12930C
:10428000CDF84C901024B1460B464646B8462F4612
:1042900019EE105A06E0A8F11008B8F1100F0AF153
:1042A000080A19DD01321A491033072ACAE9001435
:1042B000CDE91E23EFDD1DAA314628460DF1A80ADF
:1042C00003F02EF800287FF4FEABA8F11008B8F137
:1042D000100FDDE91E23E5DC3D4619464746129BDB
:1042E000B0464E46DDF84C90CAF8047001327C1896
:1042F000072A0749CAF80010CDE91E2400F3D58229
:104300000AF1080A16E400BF589C00086C9C0008DB
:104310005C9C000819EE100A1DAA4146129302F097
:10432000FFFF00287FF4D0AB1F9C129B0DF1A80A61
:1043300015E419EE100A1DAA414602F0F1FF00280B
:104340007FF4C2AB1F9C0DF1A80A1AE4102D1E9B2E
:1043500020DD19EE107A102604E0103D102D0AF130
:10436000080A17DD0133914A1034072BCAE90026E9
:10437000CDE91E34F1DD1DAA414638460DF1A80AEB
:1043800002F0CEFF00287FF49FAB103D102DDDE939
:104390001E34E7DC0133854ACAF804502C44072B4D
:1043A000CDE91E34CAF800207FF713AC19EE100ACD
:1043B0001DAA414602F0B4FF00287FF485AB1F9C84
:1043C00007E41799002940F33C82DDE90A379F4250
:1043D000A8BF1F46002F0BDD1E9B01333C44072B5B
:1043E000CAE900671F941E9300F3CB830AF1080A01
:1043F0000A9D002FA8BFED1B002D00F3D581179D4E
:104400000B9B9D4280F2AE810E9B109A1C44CAE920
:1044100000231E9B1F940133072B1E9300F3A383DD
:104420000AF1080A0B9B0A9A5D1B9F1AAF42A8BFAC
:104430002F46002F0EDD1E9BCAF804700133164470
:104440003C44072BCAF800601F941E9300F3A68318
:104450000AF1080A002FA8BFED1B002D7FF7B0ABB3
:10446000102D1E9B524F40F3308219EE10BA1026C9
:1044700005E00AF1080A103D102D40F326820133B1
:104480001034072BCAE90076CDE91E34F1DD1DAAF0
:104490004146584602F044FF00287FF415ABDDE9A1
:1044A0001E340DF1A80AE6E7059B002B40F0378388
:1044B0000023059308932AAE85E5039BD9073FF5B2
:1044C0008BAE1E9DCAF80060013501340123072D13
:1044D0001F941E95CAF804307FF7B1AE19EE100A8A
:1044E0001DAA414602F01CFF00287FF4EDAADDE979
:1044F0001E540DF1A80AA4E60B9B5E1E002E7FF74A
:10450000A0AE102E2A4F40F35782CDF814904FF0F2
:10451000100B19EE109A05E00AF1080A103E102E51
:1045200040F3488201351034072DCAE9007BCDE9FC
:104530001E54F1DD1DAA4146484602F0F1FE002856
:104540007FF4C2AADDE91E540DF1A80AE6E719EED0
:10455000100A1DAA414602F0E3FE00287FF4B4AA27
:104560001F9C0DF1A80AFFF718BB099B53F8040B19
:10457000099369E4C1170B46002BBFF6C3AB404259
:104580004FF02D0461EB41018DF857400123FFF7F7
:1045900060BA039BDD077FF513AB3EE599F8005049
:1045A0000992FFF7A3B92AAE0DE500BF5C9C000895
:1045B0006C9C0008DDE90C0102460B4604F024FF68
:1045C000002840F06583059B013325F0200700F0AB
:1045D000F582472F00F08182DDE90C014BF48072F7
:1045E00000290392C0F24C829DED0C7B00231293B4
:1045F000B0EE47AAF0EE67AA662D00F0E981462DDD
:1046000000F0E681B0EE4A0AF0EE6A0A452F0ABFD2
:10461000059B059C5C1C1BAB019318AB009319EE2A
:10462000100A17AB2246022100F02AFD672D06462C
:1046300040F03D821BF0010F40F03C821B9B472F56
:10464000A3EB06030B9340F06E83179B0A93D91CD0
:1046500003DB059A934240F37882023D0A9A8DF873
:104660006450531E002B1793B6BFC2F101032B22D7
:104670002D22092B8DF8652040F3F5820DF173048E
:10468000C04F2246104687FB0321DA17C2EBA10276
:1046900002EB8201A3EB4101303100F8011C194605
:1046A0006329134600F1FF32ECDC3033D9B2831EAC
:1046B0009C4202F8011C40F2278313460DF166026A
:1046C00001E013F8011B02F8011B9C42F9D10DF126
:1046D00075030DF166021B1A134419AA9B1A119354
:1046E0000B9A119B012A1344089340F3C882089B3C
:1046F0000E9A1344089323EAE373049300230A9366
:104700009EE1099B079853F8041B0993C217C1E95E
:104710000002FFF7C9B80A2871F100039DF857405D
:10472000FFF404ABCDF80C902AAEA1460A22002378
:1047300004460F4604F0A6FE303206F8012D002391
:10474000204639460A2204F09DFE0A2C77F1000328
:10475000ECD22AAB9B1B4C460893DDF80C90CDF8AD
:104760000CB030E4039BD8073FF54EAEDDE90A23D9
:104770009F1A5D1BAF42A8BF2F466BE619EE100AC9
:104780001DAA414602F0CCFD00287FF49DA91F9C84
:104790000DF1A80A4FE4062B28BF0623CDE9083403
:1047A000794E0493FFF7AFB9102D1E9B774F40F35E
:1047B00055813A460596474619EE106A4FF0100BA0
:1047C000904605E00AF1080A103D102D40F34281A1
:1047D00001331034072BCAE9008BCDE91E34F1DD1B
:1047E0001DAA3946304602F09BFD002840F0448265
:1047F000DDE91E340DF1A80AE6E7099B079953F895
:10480000042B11600993FFF74FB819EE100A1DAA87
:10481000414602F085FD00287FF456A9DDE91E54CB
:104820000DF1A80AE7E419EE100A1DAA414602F0AC
:1048300077FD00287FF448A9DDE91E540DF1A80A90
:10484000E6E41E9B524ACAF80020013301340122DB
:10485000072B1F941E93CAF8042000F31A810AF153
:10486000080A002959D1039B0B9A03F00103134353
:104870003FF4A6A90E9B10991A19CAE900131E9BB2
:104880001F920133072B1E9300F32D810AF1080AB2
:104890000B99CAF8006001338C18072BCDE91E3440
:1048A000CAF804107FF78AA9D8E419EE100A1DAAE5
:1048B0004146129302F034FD00287FF405A91F9CA5
:1048C000129B0DF1A80AFFF735B901332C44072BD1
:1048D000CAF80070CAF80450CDE91E347FF76EA9FB
:1048E000BCE419EE100A1DAA414602F019FD002889
:1048F0007FF4EAA81F9C0DF1A80AFFF789BB19EE07
:10490000100A1DAA414602F00BFD00287FF4DCA826
:104910001F9C0DF1A80AFFF738B90E9B10981A19C1
:10492000CAE900031E9B1F920133072B1E9300F35D
:10493000DA800AF1080A0029AADA4D421031134F31
:1049400080F2788119EE10BA102405E00AF1080A05
:10495000103D102D40F36E8101331032072BCAE950
:104960000074CDE91E32F1DD1DAA4146584602F021
:10497000D7FC00287FF4A8A8DDE91E320DF1A80AB3
:10498000E6E700BF67666666509C00086C9C0008FE
:10499000589C0008304609940597CDF80CB0FEF7F6
:1049A0008FFE20EAE0739DF85740089004930A9721
:1049B000FFF76FB9DDF81490CAF800700135344480
:1049C000072DCDE91E54CAF804607FF738AC85E5A1
:1049D000059CB0EE4A0AF0EE6A0A1BAB019318ABD5
:1049E0000093224617AB19EE100A032100F048FB92
:1049F000064604193378302B62D0179B1C4451ECC7
:104A00001A0B0022002304F0CDFC002800F08B805C
:104A100023469B1B472F0B933FF417AE662D40F0A8
:104A20008281179B059A0A93002B0BF0010B40F330
:104A30005C815BEA020140F045810A9B0493089384
:104A4000129B002B7BD02D238DF85730002305932C
:104A5000FFF722B94246059EB846174601332C445B
:104A6000072BCDE91E34CAF80070CAF8045049DC9F
:104A70000AF1080AC3E42D248DF85740FFF7FBB86C
:104A800001F100430AEE903A2D230AEE100A129328
:104A9000B2E519EE100A1DAA414602F041FC0028B9
:104AA0007FF412A817991F9C0DF1A80AD9E6472D8B
:104AB0003FF4C0AD3444A2E78DF85700FFF717B8B4
:104AC00051EC1A0B0022002304F06CFC002894D156
:104AD000059BC3F10103179390E7059B002B08BFCB
:104AE0000123059378E519EE100A1DAA414602F04C
:104AF00017FC00287EF4E8AFDDE91E3217990DF1AE
:104B0000A80A18E719EE100A1DAA414602F008FC8F
:104B100000287EF4D9AF1F9C0DF1A80A6FE4DDF8E0
:104B20000CB0FFF703B91B9BA342BFF472AF302157
:104B30005A1C1B9219701B9B9C42F9D869E7129B67
:104B40009DF857400593FFF7A4B8DDE90A32934278
:104B500043DB1BF0010F40F0AC8023EAE3720492C8
:104B6000089367256CE719EE100A1DAA414602F06A
:104B7000D7FB00287EF4A8AF179D1F9C0DF1A80A53
:104B800050E419EE100A1DAA414602F0C9FB0028A4
:104B90007EF49AAF1F9C0DF1A80A29E419EE100AC1
:104BA0001DAA414602F0BCFB00287EF48DAF179D84
:104BB0000B9B1F9C5D1B0DF1A80A4BE4062305937C
:104BC0000AE5059B0994CDF80CB09DF85740049375
:104BD000089305900A90FFF75CB80E9A0B9B13445C
:104BE0000A9A0893002A75DD23EAE3730493672584
:104BF00026E78DF85700FFF71AB900220592FEF755
:104C000077BE8DF85700FFF706B88DF85700FFF70D
:104C10004FB98DF85700FFF7CCB88DF85700FFF764
:104C20006AB98DF85700FFF75DB84FF0FF3307936F
:104C3000FEF74FBF01332A44072BCDE91E32CAF8D5
:104C40000070CAF804507FF721AE19EE100A1DAAB1
:104C5000414602F065FB00287EF436AFDDE91E32E6
:104C60000DF1A80A14E630338DF8673030238DF843
:104C700066300423119333E5B846FEF725BF1BF0D9
:104C800001020A927FF433AD23EAE3730493D7E67B
:104C90000D9B264E002BB8BF2D242BF080030393D1
:104CA000A8BF9DF85740224BB8BF8DF85740FEF77C
:104CB000E7BF0A9B0E9A1344089323EAE373049315
:104CC0006725BDE60E990B441A4422EAE273089266
:104CD0000493B5E60A9B089AC3F101031A4422EA39
:104CE000E273089204936725AAE65BEA020303D104
:104CF000012304930893A3E60E9B01331A4422EA8E
:104D0000E273089204939BE602231193E8E4099A64
:104D100099F80150894652F8041B099241EAE17161
:104D20000591FEF7E3BD179B0A9397E4209C0008CA
:104D3000249C000810B4054C8446134620685DF896
:104D4000044B0A466146FEF76BBD00BF60000020C1
:104D500070B50C468989ADF58D6D21F00201ADF875
:104D60000C10616E1991E189ADF80E10E16907919F
:104D7000616A09911AA9009104914FF4806102912E
:104D800005910021069169460646FEF749FD051E7C
:104D900007DB6946304601F013FA002818BF4FF0D0
:104DA000FF35BDF80C305B0603D5A38943F0400303
:104DB000A38128460DF58D6D70BD00BFF8B50D4679
:104DC0001446064610B1836B002B43D0B4F90C2077
:104DD000A369A360170790B21BD52369CBB1EDB2CD
:104DE00081042F4622D522686169D31A994229DDB0
:104DF0000133A1680139A160511C216015706269FD
:104E00009A422AD0A389DB0701D50A2D25D038463E
:104E1000F8BD2146304600F035F820BBB4F90C202F
:104E2000236990B2EDB281042F46DCD442F40052E3
:104E3000A281626E616922F4005262662268D31A0E
:104E40009942D5DC2146304601F0BAF958B92268BA
:104E50000123CEE7FDF720FBB8E72146304601F0FD
:104E6000AFF90028D3D04FF0FF37D0E710B4044C8F
:104E700003460A4620685DF8044B1946FFF79EBFBB
:104E80006000002038B5334B1B6805460C460BB15B
:104E90009A6B12B3B4F90C3018079AB225D5216970
:104EA00000292DD012F0010007D00020A060606919
:104EB0004042A06139B1002038BD950758BF6069F4
:104EC000A0600029F7D1120658BF0846F4D543F078
:104ED0004003A3814FF0FF3038BD1846FDF7DCFAE0
:104EE000B4F90C3018079AB2D9D4D1062AD5520792
:104EF00014D4216943F00803A3819AB20029D1D1C7
:104F000002F42070B0F5007FCCD02146284601F095
:104F1000F5FAB4F90C3021699AB2C3E7216B51B1AB
:104F200004F14002914204D0284601F0D7F9B4F9C7
:104F30000C300022226321690022C4E9001223F010
:104F40002403D7E7092243F040032A604FF0FF30E3
:104F5000A38138BD600000202DE9F04F03690C6982
:104F6000A34283B0C0F28780013C01F11405A30085
:104F700000F11408009355F8243058F82420013328
:104F800081469A4208EB840005EB84070190B2FB4E
:104F9000F3F63BD30023AE4640469B465EF804AB97
:104FA00002681FFA8AFC06FB0C334FEA134C4FEAE7
:104FB0001A4A06FB0ACA1FFA83FCABEB0C0C1FFA59
:104FC0008AF31CFA82FCC3EB124202EB2C421FFA5A
:104FD0008CFC4CEA0243774540F8043B4FEA224BF5
:104FE0004FEA1A43DAD2009B58F8033073B9019B99
:104FF000043B984504D307E0984504F1FF3403D2FD
:1050000053F80429002AF7D0C9F81040484601F0A7
:1050100049FE00282BDB01364046002355F8041BCF
:10502000D0F800C08AB29A1A0B0C12FA8CF2C3EBB9
:105030001C4303EB224392B242EA0342AF4240F8E0
:10504000042B4FEA2343E9D258F8242008EB8403C9
:105050006AB9043B984504D307E0984504F1FF344E
:1050600003D253F80429002AF7D0C9F8104030467B
:1050700003B0BDE8F08F002003B0BDE8F08F00BFA3
:105080002DE9F04F2DED068B95B08DED020B0191C2
:10509000016C249D099259EC108B0446069341B192
:1050A000426C4A60012393408B6001F03FFB002378
:1050B0002364B9F1000AB4BF012300232B607C4BA9
:1050C000BCBF2AF0004ACDF80CA033EA0A0300F076
:1050D000B2809DED027B002251EC170BB0EE479A97
:1050E000F0EE679A002304F05DF9074680B1069A56
:1050F00001231360259B002B00F0DB826D481860B4
:10510000431E0093009815B0BDEC068BBDE8F08FF0
:1051100012AA13A92046B0EE490AF0EE690A01F07E
:1051200019FFB0EE498AF0EE698A5FEA1A56054621
:1051300040F09980DDE912763E4406F232402028A4
:1051400040F3AB83C0F140000AFA00FA06F21240C5
:1051500028FA00F04AEA000003F042FE0123013E73
:105160000D93A1F1F871544B002203F0FBFC4AA30C
:10517000D3E9002303F0AEFE49A3D3E9002303F0F3
:10518000F3FC80463046894603F03AFE46A3D3E955
:10519000002303F09FFE02460B464046494603F0BB
:1051A000E3FC8046894604F045F90022834600234B
:1051B0004046494604F000F9002840F06D82BBF1FA
:1051C000160F00F25C823D4B03EBCB03D3E90023C7
:1051D00051EC190B04F0F0F8002875D00023BE1B29
:1051E0000C93731E0BF1FF3B049300F14F820023DD
:1051F0000893BBF1000F6EDA089BCDF814B0A3EB57
:105200000B030893CBF100030B93019B092B4FF089
:10521000000B69D8052B40F33E83043B0193002625
:10522000019B023B032B00F29986DFE813F04E044A
:105230004B0443042604069A42F20F73CAF3130A7E
:1052400013605AEA08031DD1259B002B00F07D86D0
:105250001B4B00930833259A0098136015B0BDECE2
:10526000068BBDE8F08F18EE903AC3F3130351ECB0
:10527000190B43F07F510D97A6F2FF36129F41F4B0
:10528000401170E7259B002B40F0DB830D4B009312
:1052900038E700BFAFF3008061436F63A787D23F59
:1052A000B3C8608B288AC63FFB799F501344D33F15
:1052B0000000F07F599C00080000F83F189D00088E
:1052C000809C00087C9C0008BE1B731E049300F1A8
:1052D0009A840C900890049B5B44CDE9043B002326
:1052E0000B93019B092B95D9002301264FF0FF3228
:1052F00001930A9607920993079B0F93002161641B
:10530000204601F0EDF90090002800F02F86009B68
:105310002364079B0E2B00F2F980002E00F0F6802C
:105320000599002940F37184BD4B01F00F0203EB96
:10533000C2034FEA2118C905D3E9006740F103848D
:10534000B84B51EC190BD3E9082303F0EDFE41EC07
:10535000180B08F00F084FF0030AB8F1000F13D034
:10536000DFF8C09218F0010F09D030463946D9E96C
:10537000002303F0AFFD0AF1010A06460F465FEA7B
:10538000680809F10809EDD151EC180B32463B468B
:1053900003F0CAFE41EC1A0B0C9B5BB157EC1A6B85
:1053A000A14B1AEE100A0022394604F005F8002835
:1053B00040F05285504603F023FD53EC1A2B03F0C6
:1053C00089FD9A4B002203F0CFFB079B8046A1F199
:1053D0005079002B00F0F383059B1093079B0E93ED
:1053E0000A9B002B00F0C0840E9A8D4B9049DDF88B
:1053F00000A003EBC20353E90223002003F094FE54
:1054000042464B4603F0AEFB59EC1A8B41EC180BAD
:1054100049461AEE100A04F00DF8074603F0F0FCB6
:1054200002460B461AEE100A494603F09BFB303742
:105430000AF8017B53EC182B06460F4603F0BCFF1D
:10544000002840F055854FF000080AEE105ACDF8BC
:1054500044B055465BEC18AB08EE104A44462AE0CF
:105460000E9B01349C424BDA724B50465946002247
:1054700003F030FD6F4B002282468B4630463946A2
:1054800003F028FD8946804603F0D4FF074603F069
:10549000B7FC02460B464046494603F063FB3037F3
:1054A00005F8017B52465B4606460F4603F084FF33
:1054B000002840F0188532463B465B49002003F047
:1054C00051FB52465B4603F077FF0028C8D0109B83
:1054D000009A0593AA4618EE104A1AEE105A02E0F6
:1054E000924500F0EA84D1461AF8013D392BF7D0F5
:1054F0000133DBB28AF80030059B01330593ABE141
:10550000DDF844B01AEE105A18EE104A139B002B27
:10551000C0F29480059A0E2A00F39080404B03EB72
:10552000C203D3E90089099B002B1BDA079B002BE0
:1055300018DC40F05D83404B00224046494603F0B2
:10554000C9FC02460B4651EC190B03F03FFFDDF896
:105550001CA05646002800F0D082099BDDF8008090
:10556000DF43D2E242464B4651EC190B03F0DCFD1F
:1055700003F060FF0646834603F042FC42464B467A
:1055800003F0A8FC0B46024651EC190B03F0EAFAB3
:10559000DDF800A0334630330AF8013B079B012BAE
:1055A00000F08E834FF0010B08EE105A08EE904A7F
:1055B0001D465446DA461DE042464B4630463946C3
:1055C00003F0B2FD03F036FF834603F019FC4246B8
:1055D0004B4603F07FFC0AF1010A0B4602463946AE
:1055E000304603F0BFFA0BF13003AA4504F8013B43
:1055F00000F061830F4B002203F06CFC00220023BB
:1056000006460F4603F0CEFE0028D5D0A24618EE7F
:10561000105A18EE904A059B01330593D1461BE1C1
:10562000189D0008089E00080000F03F00001C4084
:105630000000E03F00002440000014400A9A002AC5
:105640003FD0019A012A40F39C82079B03F1FF3867
:105650000B9B4345C0F26E82A3EB0808079B002B0F
:10566000C0F26683049A1A440492089A17461A44B0
:1056700008920121204601F061F9064625E0012348
:10568000BE1B0C93731E04937FF5B1ADC6F10103ED
:10569000089300230493ACE5584603F0B1FB42465F
:1056A0004B4603F07FFE00287FF489AD0BF1FF3BF2
:1056B00085E5874B0093009815B0BDEC068BBDE8DF
:1056C000F08FDDF82C80089F0A9E002F0CDD049AD5
:1056D000002A09DD0899BA421346A8BF3B46C91AF9
:1056E000FF1AD31A089104930B9BDBB10A9B002B82
:1056F00000F08282B8F1000F0FDD314642462046AD
:1057000001F0F8F92A4601460646204601F044F920
:1057100029460546204601F009F80B9BB3EB080229
:1057200040F000830121204601F008F9BBF1000F91
:10573000824600F3B780019B012B40F386814FF036
:1057400000080120BBF1000F40F0B880049A10441B
:1057500010F01F0000F09680C0F12003042B40F3EE
:10576000F883089BC0F11C000344024408930744DB
:105770000492089B002B05DD29461A46204601F0BD
:1057800019FA0546049B002B05DD51461A462046B2
:1057900001F010FA82460C9B002B40F03781079BEA
:1057A000002B40F31E810A9B002B40F0A180059B3B
:1057B00001330593DDF80080DDF81C90012707E038
:1057C000294600230A22204600F0BAFF0137054689
:1057D00051462846FFF7C0FB4F4500F1300008F85E
:1057E000010BEDDB079A002AC8BF9346009AD8BF89
:1057F0004FF0010B0346934400272946012220461F
:10580000019301F0D7F95146054601F04BFA002803
:1058100040F3A5811BF8013C009A0BF1FF3B04E02B
:105820005A4500F0A7811BF8013D392B0BF1010906
:10583000F6D001338BF800305146204600F076FF59
:1058400056B12FB1B74203D03946204600F06EFF63
:105850003146204600F06AFF2946204600F066FFE8
:10586000002389F80030DDE905231A60259B002B11
:105870003FF448AC0098C3F8009015B0BDEC068B1F
:10588000BDE8F08F1C20089B03440893049B03444D
:10589000074404936DE70126C2E4C0F1200008FA32
:1058A00000F059E401465A46204601F023F9019BD5
:1058B000012B824640F3D5814FF00008DAF8103012
:1058C0000AEB8303186900F0E9FFC0F120003DE70F
:1058D000589C0008314600230A22204600F030FF81
:1058E0000F9B002B064640F32383CDF814900793BB
:1058F000002F00F31881B8F1000F40F0FC81B04692
:10590000029B009F079903F001027B1E1944019B33
:105910000A9213430891099351462846FFF71CFB4E
:1059200031468346284601F0BDF94246514681463C
:10593000204601F0D9F9C26801460BF13003002A74
:1059400042D104902846079301F0ACF904990290E3
:10595000204600F0EBFE029A079B1AB9099900292C
:1059600000F0D682B9F1000FC0F28781019949EAAF
:1059700001090A9951EA090100F07F81002A00F328
:10598000E781089A3B7007F101099742CB4600F086
:10599000E581294600230A22204600F0D1FE464533
:1059A000054631464FF000034FF00A02204612D060
:1059B00000F0C6FE4146064600230A22204600F0BB
:1059C000BFFE4F468046A7E72046029300F0AEFE9A
:1059D000029B0122C6E700F0B3FE4F460646804612
:1059E0009AE7019B022B77DC0A9B002B80D1059B59
:1059F0005146013328460593FFF7AEFADDF800B0B3
:105A000000F130030BF8013B0027F6E6514628462B
:105A100001F048F90028BFF6C2AE294600230A2249
:105A2000204600F08DFE059B03F1FF390A9B0546D9
:105A3000002B7FF44FAF0F9B002B40F37082079336
:105A4000B8E6BD4B0093033305E4DDE902120029FB
:105A50007FF475AEC2F31303002B7FF470AEB74B27
:105A60001340002B00F03D82089B01330893049BF8
:105A7000013304934FF0010863E601230A93099B65
:105A8000059A13440F930133012B1F460793B8BFA8
:105A900001270021172F61647FF732AC0122042314
:105AA0005B0003F11400B842114602F10102F7D97C
:105AB000616425E401230A93099F002F4ADD0F97B3
:105AC0000797E6E700230A93D9E700230A93F3E751
:105AD0000F9BCDF814900793079B002B7FF43DADEF
:105AE00051460522204600F02BFE014682462846FC
:105AF00001F0D8F800287FF730AD0098059F3123DA
:105B0000804600F8013B013700905146204600F0E6
:105B10000DFE7B1CDDF800900593CDF80080002E73
:105B20007FF496AE98E631463A46204601F042F8B8
:105B30000646E0E60B9BCDF82C80A8EB03039B44C4
:105B40004FF000088AE54FF0020AB0EE498AF0EE05
:105B5000698A02E4012309930793FFF7CDBB03D1C0
:105B6000019BDB073FF556AED9461BF8013D302BB4
:105B7000FAD061E6059B009A013305933123137037
:105B80005AE60D9A002A00F0638103F23343049A27
:105B9000DDF82C801A440492089A17461A44089299
:105BA00067E5504603F02CF953EC1A2B03F092F9F9
:105BB000634B002202F0D8FF8046A1F15079614B7F
:105BC000002251EC1A0B02F0CDFF42464B4606462E
:105BD0000F4603F00FFC002840F07F813046394625
:105BE000424609F1004303F0E7FB00283FF48EAC86
:105BF0004FF0000A5646B0E429460B9A204600F0C2
:105C000079FF05468EE50C9040E500F04E81059A3F
:105C10004D4B564206F00F0203EBC203D3E90023BB
:105C200051EC190B03F056F9361141EC1A0B00F048
:105C30008881464F00234FF0020AF20706D5D7E9C4
:105C4000002303F047F90AF1010A0123761007F156
:105C50000807F2D1002B3FF49FAB41EC1A0BFFF782
:105C60009BBB029B002B7FF427AEDDE90212C2F33F
:105C70001303002B3FF4F3AE1EE6002A12DD294683
:105C800001222046019300F095FF5146054601F0A0
:105C900009F80028019B40F33581392B00F013816E
:105CA0000BF13103B94609F8013B059B0133374637
:105CB00005934646C0E5A24618EE105A18EE904AE3
:105CC00002460B4602F050FF42464B4606460F4640
:105CD00003F090FB60B942464B463046394603F02C
:105CE00061FB00283FF497AC5FEACB717FF593AC82
:105CF000009AFFF7F8BB7168204600F0F1FC0746F8
:105D0000002800F03A81336902339A0006F10C0151
:105D10000C30FCF751FF39460122204600F04AFFC3
:105D20008046EDE52946204600F0E4FE0546F9E40C
:105D3000DDE907239F1A9CE47C9C00080000F07FAB
:105D400000001C4000001440189D0008089E000838
:105D5000392B00F0B880B9460133A4E7059A013227
:105D600037460592464648E50E988D4901EBC0013D
:105D700042464B4651E9020103F0ACF85AEC1A9B3B
:105D800041EC180B51461AEE100A03F053FB07467C
:105D900003F036F802460B461AEE100A514602F09E
:105DA000E1FE06460E98DDF800803037012808F83D
:105DB000017B0F4600F0BA800E9B009ACDF838B0F8
:105DC00013449B46C246774B00223046394603F0C7
:105DD00081F88946804603F02DFB074603F010F852
:105DE000303702460B464046494602F0BBFE0AF8F1
:105DF000017BDA4506460F46E5D1DA46DDF838B0D4
:105E0000694B59EC188B002218EE100A494602F033
:105E1000ABFE32463B4603F0CFFA00286DD118EEB8
:105E2000102A4B466049002002F09CFE32463B4659
:105E300003F0E0FA00283FF469ABD1460AF1FF3ADB
:105E400019F8013C302BF8D0109B0133059303E582
:105E5000129BC3F136039AE6079B002B3FF4A1AED9
:105E60000F9B002B7FF752AB059A0E93013A4D4BD7
:105E700010921AEE100A3946002203F02BF802465F
:105E800016460F460AF1010002F0BAFF32463B46C1
:105E900003F020F8454B002202F066FE47EC1A6B37
:105EA0008046A1F15079FFF79BBA4FF0020AB0EE9D
:105EB00049AAF0EE69AAFFF76FBA059B0133059373
:105EC0003123FFF717BB059BBB46013305933923ED
:105ED00037460BF8013B46469EE44FF0000A564613
:105EE0000BE698462DE4AA4618EE104A1AEE105A10
:105EF000109B01330593D146AEE4109B009A0593A5
:105F0000FFF7F1BA7FF4CEAEDA077FF5CBAEC4E689
:105F1000392BD8D0B9F1000F3FF7C2AEC2E6019BD2
:105F2000022B3FF7D5ADCDF8149060E5C24667E788
:105F3000019B022B3FF7CCAD0F9BCDF8149007933C
:105F4000D6E44FF0020AFFF727BA194B0093FFF788
:105F5000D9B83FF40EACC0F13C0094E4002666646E
:105F60003146204600F0BCFB009068B9114B124846
:105F700000224FF4D57102F039F80E4B0E483A4624
:105F800040F2EA2102F032F8009B236401224FF034
:105F9000FF3309960F930A920793FFF7B7BA00BF32
:105FA000189D0008000024400000E03F00001C4055
:105FB000809C00088C9C0008A09C000870B50C46D2
:105FC000064600F065F8E36A054633B1E1693046FC
:105FD00098470028B8BF4FF0FF35A3891B0619D496
:105FE000216B41B104F14003994202D0304600F0E8
:105FF00075F900232363616C21B1304600F06EF91E
:1060000000236364FCF74CFA0023A381FCF74AFAEF
:10601000284670BD2169304600F060F9E0E700BF16
:10602000B1B138B504460D4608B1836B4BB1B5F933
:106030000C300BB9002038BD29462046BDE8384059
:10604000BCE7FCF729FAB5F90C30002BF2D0F3E7E6
:1060500000207047C0B138B50C4B1D6804460DB127
:10606000AB6B4BB1B4F90C300BB9002038BD2146F5
:106070002846BDE83840A1E72846FCF70DFAB4F9F8
:106080000C30002BF1D0F2E70020704760000020B8
:10609000B1F90C202DE9F0410C461107804647D498
:1060A000636842F40062002BA2815EDDA56A002DC8
:1060B00058D00023D8F80060C8F8003093B212F42A
:1060C000805256D10123E1694046A847431C67D05E
:1060D000A389A56A5F0705D56368C01A236B0BB156
:1060E000E36BC01AE169024600234046A847411C01
:1060F00041D1D8F80030002B3DD01D2B01D0162BFC
:1061000056D1A3892269226023F4006300216160D3
:10611000A381216BC8F8006021B304F140039942C8
:1061200002D0404600F0DAF800202063BDE8F0819C
:106130002669BEB193B2256826609A070CBF6369D1
:106140000023AD1BA3600BE02B463246E169676A72
:106150004046B847B0F1000CA5EB0C05664417DDCE
:10616000002DF1DC0020BDE8F081E36B002B9DDC0D
:10617000F8E7206DAEE7B4F90C302269226023F411
:106180000063A3810022DB046260C2D52065C0E702
:10619000A38943F040034FF0FF30A381BDE8F081B5
:1061A000D8F80030002B93D01D2B06D0162B04D02E
:1061B000A38943F04003A381D5E7C8F80060D1E785
:1061C00038B50D46044608B1836B1BB1B5F90C0018
:1061D00030B938BDFCF760F9B5F90C000028F8D0EB
:1061E00029462046BDE83840FFF752BF38B5B8B160
:1061F0000F4B1D6804460DB1AB6B4BB1B4F90C00ED
:1062000000B938BD21462846BDE83840FFF740BFF9
:106210002846FCF741F9B4F90C000028F1D0F1E769
:10622000044B05491868BDE83840FCF775B900BF54
:1062300060000020149C0008C1610008F8B5244FDC
:106240000C460646FCF7A4FDBA685568C4F57E63A3
:106250000F3325F003052B4423F47F6323F00F0352
:10626000A3F58054B4F5805F07DB00213046FAF7D0
:10627000CBFCBB682B44984204D03046FCF78AFD27
:106280000020F8BD61423046FAF7BEFC01300DD067
:10629000104ABB682D1B45F001055D601368304650
:1062A0001B1B1360FCF776FD0120F8BD0021304672
:1062B000FAF7AAFCBA68831A0F2BDEDD43F001035C
:1062C0005360054B03491B68C01A0860D5E700BF3F
:1062D00090040020143D002098080020002961D07F
:1062E000F8B50C460646FCF753FD54F8042C7B4FDA
:1062F000A4F1080522F0010105EB010CB868DCF8F7
:106300000430604523F0030300F08B80D207CCF803
:10631000043032D454F8082CAD1A1144AA6807F19D
:10632000080082426AD00CEB0304D4F804E0EC6865
:10633000D4601EF0010FA26000F0978041F00103CD
:106340006B60CCF80010B1F5007F35D27A68CB08CD
:1063500048090121013381401143796007EBC302F1
:1063600057F83310083AC5E9021247F83350CD60A8
:106370003046BDE8F840FCF70DBD0CEB0302526857
:10638000D00710D4194407F10800DCF80830834224
:1063900073D0DCF80C20DA60936041F001036B608D
:1063A0006950D0E7704741F00103B1F5007F44F830
:1063B000043CCCF80010C9D3B1F5206F4FEA51234B
:1063C00048D28B0903F1390003F13802C300F818F1
:1063D000FB580838984259D05A6822F003028A4282
:1063E00002D99B689842F7D1D868C5E90230856028
:1063F000DD603046BDE8F840FCF7CCBC0CEB030296
:106400005268D20763D40B44DCE90212CA6091607F
:1064100043F001026A603046EB50BDE8F840FCF7FB
:10642000B9BC0B44D10707D454F8082CAD1A134457
:10643000D5E90212CA60916043F001026A60284AFD
:10644000BD6012689A4293D8264B30461968FFF710
:10645000F5FE8DE7142B0AD9542B1FD80B0B03F133
:106460006F0003F16E02C300B1E719448DE703F139
:106470005C0003F15B02C300A9E741F00103C7E937
:106480000455C5E902006B60695071E779689210A4
:10649000012404FA02F20A437A60A6E7B3F5AA7F60
:1064A00006D8CB0B03F1780003F17702C3008EE727
:1064B00040F25452934206D88B0C03F17D0003F155
:1064C0007C02C30083E74FF47E737E227FE741F0B6
:1064D00001036B60CCF800104AE700BF9004002075
:1064E0009C080020103D0020F030704700487047A5
:1064F0009009002000487047900900202DE9F041E4
:106500008B890C46990796B008D504F14303012204
:10651000C4E90432236016B0BDE8F081B4F90E106E
:106520000029064627DB6A46FAF782FB002821DBB2
:10653000019D05F47045A5F50055B5FA85F54FF4B4
:1065400080686D094FF4006741463046FCF758F803
:10655000B4F90C30F0B1204AF26343F08003C4F880
:106560001480A3812060206135BB3B43A38116B01A
:10657000BDE8F081A38913F0800519D04FF04008E1
:1065800041463046FCF73CF80025B4F90C302F4664
:106590000028E0D19A05BED423F0030304F143029E
:1065A00043F002030121C4E90421A3812260B2E780
:1065B0004FF480682F46C7E7B4F90E10304601F05B
:1065C00091FF10B9B4F90C30CFE7A38923F003038E
:1065D00043F001031BB2C8E7C522000870B50C46A2
:1065E000B1F90E10002996B015461E4614DB6A4616
:1065F000FAF71EFB00280FDB019A02F47042A2F5A5
:106600000052B2FA82F24FF4806352094FF40060F4
:1066100032602B6016B070BDB4F90C10002311F07D
:106620008000336004D0402218462A6016B070BD46
:106630004FF480632B6016B070BD00BF00000000F7
:1066400001F0FF01102A2BDB10F0070F08D010F823
:10665000013B013A8B422DD010F0070F42B3F6D127
:10666000F0B441EA012141EA014122F007047FF040
:1066700000070023F0E80256083C85EA010586EA97
:10668000010685FA47F5A3FA87F586FA47F6A5FAD3
:1066900087F68EB9EED1F0BC01F0FF0102F00702DF
:1066A00032B110F8013B013A83EA010313B1F8D18A
:1066B0000020704701387047002D06BF354603386B
:1066C000073815F0010F07D1013015F4807F02BFA4
:1066D000013015F4C03F0130F0BC0138704700BFF5
:1066E000C36C70B505460C464BB153F8240080B11D
:1066F000026843F824200023C0E9033370BD21223F
:10670000042101F099FC0346E8640028EDD1002043
:1067100070BD012101FA04F6721D9200284601F0B5
:106720008BFC0028F3D0C0E90146E4E731B1C36C2B
:106730004A6853F82200086043F82210704700BFEF
:10674000F0B50C69064683B00D4601F1140E002029
:10675000DEF800101FFA81FC02FB0C334FEA134CE9
:10676000090C02FB01CC01309BB203EB0C438442C9
:106770004EF8043B4FEA1C43EADC3BB1AA68A24254
:1067800007DD05EB8402013453612C61284603B018
:10679000F0BD6968019301313046FFF7A1FF019B0D
:1067A0000746B8B12A690193023205F10C01920043
:1067B0000C30FCF701FAF26C6968019B52F8210079
:1067C000286042F821503D4605EB840201345361B4
:1067D0002C61DBE7024B03483A46B52101F006FC89
:1067E0008C9C0008D49C00082DE9F8430C462849ED
:1067F0001F46164603F1080281FB0231092F4FEABA
:10680000E2730546C3EB610339DD4FF0010C002153
:106810004FEA4C0C634501F10101F9DC2846FFF712
:106820005FFF014668B3089B4361092E4FF00103E7
:10683000036112DC0A340926B7420BDDBE1B264475
:1068400014F8013B0A22303B2846FFF779FFA642A5
:106850000146F5D10846BDE8F88304F10909C846A8
:10686000344418F8013B0A22303B2846FFF768FF02
:10687000A0450146F5D1A6F108044C44DCE700210F
:10688000CCE70A46034B0448CE2101F0AFFB00BF22
:10689000398EE3388C9C0008D49C0008030C1B0440
:1068A000D3B90004102310F07F4F04BF0002083357
:1068B00010F0704F04BF0001043310F0404F04BFCC
:1068C00080000233002805DB10F0804F03F1010344
:1068D00008BF2023184670470023E4E7036813F03D
:1068E0000702014607D0DA071FD4980721D55B08B5
:1068F0000B600120704798B2A0B11046DAB20AB915
:1069000008301B0A1A0704BF1B0904309A0704BF8A
:106910009B080230DA0703D45B0800F1010006D0BF
:106920000B6070471B0C1020E8E700207047202008
:1069300070479B080B600220704700BF38B5C36CDE
:1069400004460D464BB15868B0B102685A60002247
:106950000123C0E90435C26038BD2122042101F0C1
:106960006BFB0346E0640028EDD1094B0948002287
:106970004FF4A07101F03AFB1C220121204601F0E6
:106980005BFB0028F1D001220223C0E90123DEE7EE
:106990008C9C0008D49C00082DE9F04F0E69156905
:1069A000AE4285B08846144605DB2A462346354666
:1069B0000C4616469846A3686168AF19BB42B8BF3B
:1069C0000131FFF78DFE0190002800F08780019BC8
:1069D00003F1140909EB870AD14505D24B46002281
:1069E00043F8042B9A45FBD808F1140808EB860BF2
:1069F00004F11403D8451A4603EB85055FD22B1B1F
:106A0000153B23F0030304331534A54238BF042398
:106A1000CDE902A7AC461F46924605E0000C29D1FD
:106A2000C34509F1040948D958F8040B85B2002D73
:106A3000F4D056464C46002356F8040B216882B227
:106A40001FFA81FE05FB02EE000C0A0C734405FBE5
:106A5000002202EB13429BB243EA0243B44544F8DE
:106A6000043B4FEA1243E7D849F8073058F8040CC2
:106A7000000CD5D0D9F80030544619464D460022B6
:106A80002688090C00FB06110A449BB243EA024324
:106A900045F8043B54F8046B2968360C8BB200FBB4
:106AA000063303EB1243A4454FEA1342E8D8C3452B
:106AB00049F8073009F10409B6D8DDE902A7002F2B
:106AC00002DC05E0013F03D05AF8043D002BF9D069
:106AD000019B18461F6105B0BDE8F08F034B0448C9
:106AE000019A40F25D1101F081FA00BF8C9C000810
:106AF000D49C000812F003032DE9F0411446064629
:106B000032D10D46A41020D0D6F84880B8F1000F3D
:106B100033D0E3074FF0000707D4641015D0D8F83E
:106B20000000A8B18046E307F7D542462946304623
:106B3000FFF732FFB5B16968F36C641053F8212098
:106B40002A6043F821500546E9D12846BDE8F08186
:106B5000424641463046FFF71FFFC8F80000076075
:106B60008046E0E70546D8E7013B0F4A52F823206C
:106B70000023FFF7E5FD0546C4E701213046FFF796
:106B8000AFFD804640B1012340F27122C0E90432DA
:106B90000023B0640360BCE7044B054842464FF451
:106BA000A07101F023FA00BF089D00088C9C00082A
:106BB000D49C00082DE9F0470C4690462669A3684E
:106BC000496806EB6216751C9D4207464FEA62193A
:106BD00004DD5B009D4201F10101FADC3846FFF75C
:106BE0007FFD8446002851D0B9F1000F00F1140058
:106BF0000EDD09F105024FEA820E03460CEB82021C
:106C0000002143F8041B9342FBD1AEF11403184456
:106C1000216904F1140318F01F0803EB81012DD042
:106C2000C8F1200986464FF0000A1A6802FA08F2F5
:106C300042EA0A024EF8042B53F8042B994222FA36
:106C400009FAF2D80B1B153B23F00303043304F1BC
:106C50001502914238BF0423BAF1000F18BF2E4627
:106C600040F803A0FB6C6268CCF8106053F8221067
:106C70002160604643F82240BDE8F087043853F8AD
:106C8000042B40F8042F9942F9D8EBE7034B044852
:106C9000624640F2D91101F0A9F900BF8C9C0008AE
:106CA000D49C00080B6984460069C01A16D10CF107
:106CB000140C14310CEB830210B401EB830301E0DC
:106CC000944508D252F8044D53F8041D8C42F7D075
:106CD00005D24FF0FF305DF8044B7047704701203C
:106CE0005DF8044B704700BF2DE9F84F0F69136939
:106CF000FF1A002F0E4690467AD101F11405143286
:106D000002EB830205EB830301E09D4273D253F84B
:106D1000041D52F8044DA142F7D064D37168FFF707
:106D2000DFFC8146002872D03569D8F81020C76092
:106D300008F1140E06F1140009F1140A06F1100C02
:106D40000EEB820200EB8507564600215EF8044BED
:106D50005CF804BFA3B211FA8BF1CB1A210CC1EB82
:106D60001B4101EB23419BB243EA0143724546F8C4
:106D7000043B4FEA2141E9D8A2EB0804153C08F195
:106D80001508424524F0030606F1040638BF042620
:106D9000304424F0030238BF002287425244B244F8
:106DA00016D95646044654F8043B11FA83F10A14E6
:106DB00002EB134289B241EA0243A74246F8043B80
:106DC0004FEA2241EFD87A1E101A20F003025244F3
:106DD00023B952F8043D013D002BFAD0C9F81050F8
:106DE0004846BDE8F88F334601274646984695E762
:106DF000F9DB002792E70021FFF772FC814668B1BA
:106E000001220023C9E904234846BDE8F88F074B57
:106E100007484A464FF4107101F0E8F8034B044864
:106E20004A4640F2322101F0E1F800BF8C9C000894
:106E3000D49C000882B08DED000B154B019A1340D5
:106E4000A3F15073002B05DD0020194641EC100B17
:106E500002B070475B42B3F1A07F4FEA235208DAD9
:106E60004FF40023002043FA02F141EC100B02B072
:106E70007047143A1E2ADABF4FF0004323FA02F299
:106E800001220021104641EC100B02B0704700BFF8
:106E90000000F07FF8B5046900F1140606EB8404E5
:106EA000271F54F8045C2846FFF7F8FCC0F12003C4
:106EB0000A280B6031DDBE421BD20B3854F8081C87
:106EC00023D0C0F1200C854021FA0CF72F43A4F108
:106ED000080547F07F53AE4243F4401336D2814059
:106EE00054F80C0C20FA0CF00843024643EC102B2B
:106EF000F8BD0B3808D005FA00F040F07F530020B1
:106F000043F440130246F1E7014645F07F5343F452
:106F100040130A4643EC102BF8BDC0F10B0C25FAC8
:106F20000CF1BE4241F07F5338BF54F8081C00F109
:106F3000150034BF21FA0CF1002105FA00F043F4EA
:106F4000401340EA010243EC102BF8BD01FA00F0B7
:106F50000246CBE72DE9F043884683B0012157EC88
:106F6000106B1546FFF7BCFB044600284FD0C7F353
:106F70000A59C7F31303B9F1000F01D043F480138A
:106F8000002E019324D068460096FFF7A7FC002846
:106F900039D0DDE90013C0F1200203FA02F20A43FE
:106FA000C34062610193002B14BF02220122A3613E
:106FB0002261B9F1000F16D0A9F233430344C0F1A6
:106FC0003500C8F800302860204603B0BDE8F083E3
:106FD00001A8FFF783FC019B63610122203022613D
:106FE000B9F1000FE8D104EB8203A0F23240C8F8F7
:106FF00000001869FFF752FCC0EB421028602046E1
:1070000003B0BDE8F083009B6361019BCBE7034BBA
:107010000348224640F20A3100F0E8FF8C9C000849
:10702000D49C00082DE9F04383B00E46694607461C
:10703000FFF730FF01A9304655EC104BFFF72AFF50
:107040003B693169591ADDE90023D31A03EB411377
:10705000002B51EC100B0DDD05EB03594D4602469C
:107060000B462046294602F05FF841EC100B03B0B6
:10707000BDE8F083C3EB033301EB03573946EEE77A
:10708000172870B506460CDD0A490B4D0020002478
:1070900022462B4601F01EFF013EF9D141EC100BB8
:1070A00070BD064B03EBC006D6E9040141EC100BA2
:1070B00070BD00BF0000F03F00002440089D0008A4
:1070C0000139491101F1010C116902F1140303EBBB
:1070D00081018B4200EB8C0C16D210B5A0F1040E8E
:1070E00053F8044B4EF8044F9942F9D88B1A153BCC
:1070F00023F0030304331844844504D9002340F8E3
:10710000043B8445FBD810BD844505D9002340F8D5
:10711000043B8445FBD87047704700BF03694A11A0
:10712000934200F1140009DA00EB830302E053F804
:10713000042DCAB98342FAD80020704711DD11F03E
:107140001F010ED010B450F8224000EB820324FA45
:1071500001F202FA01F18C420CD001205DF8044BDF
:10716000704700EB8203E5E70120704753F8042DD8
:10717000002AF2D18342F9D800205DF8044B704711
:10718000838903F00903092B01D000207047FFF722
:107190002DB800BFF8B50C46054610B1836B002B27
:1071A00041D0B4F90C309F049AB207D4626E43F414
:1071B000005322F400526266A3819AB2002196061F
:1071C000616062D450071BD4D10661D512073ED44A
:1071D00043F00403A3812369002B44D0B4F90C606D
:1071E000B307B7B222D12269266A6369E1692260D6
:1071F0002846B04700286060C8BF002038DDF8BDD1
:10720000216B0029E7D004F14003994202D02846BF
:10721000FFF764F8E36B636000202063002BDAD093
:10722000A36B2360F8BDFBF737F9BAE70123A3810D
:107230001B4B1C49186807F00907FBF74DF9092F8C
:10724000A681D0D121462846FEF722FFCBE7214672
:107250002846FEF7B5FFC0B9B4F90C30A06023F0A2
:107260000803A061B4E721462846FFF747F9B5E7D0
:10727000A38905D143F020034FF0FF30A381F8BD6F
:10728000002243F040036260A3814FF0FF30F8BD5D
:10729000092243F040032A604FF0FF30A381F8BD7C
:1072A000149C0008817100082DE9F84F4B6E9C0476
:1072B00090462DD59368126843B38B46064602F17B
:1072C000080959E9025A5FEA9A0715D0043D0024DB
:1072D00001E0A7420ED055F8041F5A46304600F090
:1072E00051FF431C04F10104F3D10023C8E9013329
:1072F000BDE8F88FD8F808302AF0030AA3EB0A0398
:10730000C8F8083009F10809002BDAD10020ECE7B1
:1073100000F070FF0023C8E90133BDE8F88F00BF1B
:1073200010B4946814B15DF8044BBDE72046546076
:107330005DF8044B704700BF2DE9F04FABB01C4621
:10734000884617460693834618B1836B002B00F0DE
:107350002582B8F90C1088048AB20AD4D8F86430AF
:1073600041F4005223F40053A8F80C20C8F864300C
:1073700092B2130740F1A480D8F81030002B00F02F
:107380009F8002F01A020A2A00F0A8801AAB0D931F
:107390000023CDE90E3309930DF1680905933B787D
:1073A000002B00F00D813C4604E014F8013F002B57
:1073B00000F0E880252BF8D1E51B40F0E58023782C
:1073C000002B00F0FD804FF0000200218DF82F20EF
:1073D000637804914FF0FF32671C084602928A4698
:1073E0000137A3F12002582A00F2F780DFE812F0FB
:1073F0003302F500F5002F02F500F500F500F50069
:10740000F500F500E5012B02F500F001F401F500AF
:1074100027025900590059005900590059005900D4
:1074200059005900F500F500F500F500F500F500EC
:10743000F500F500F500F5000E02F500F500F50089
:10744000F500F500F500F500F500F500F5009400F5
:10745000F500F500F500F500F5008400F500F500F5
:107460004802F500F500F500F500F500F500F5001F
:10747000F500F500F5003A02A701F500F500F5006A
:107480008902A701F500F5007F02F5006902960068
:10749000C902C502F500A402F5008600F500F5005A
:1074A0008D02A3F13002002417F8013B04EB8404A1
:1074B00002EB4404A3F13002092AF5D9049490E7C1
:1074C00041465846FDF7DEFC002840F03585B8F807
:1074D0000C2002F01A020A2A7FF458AFB8F90E30D5
:1074E000002BFFF653AF23463A46414658462BB091
:1074F000BDE8F04F00F044BD4AF0100A1AF0200138
:1075000000F00F81069B073323F00703596853F8F7
:10751000080B069301230EE04AF0100A1AF020012E
:1075200000F0F280069B073323F00703596853F8F5
:10753000080B069300234FF000028DF82F20002245
:107540000792029A541C00F02F822AF080040194C2
:1075500050EA010440F02682002A40F09584002B76
:1075600040F00E841AF00103039340F03E841AACFD
:10757000DDE902639E42B8BF1E46079B002B3ED04A
:1075800001363CE0E51B1BD00E9B0F9A01332A44C9
:10759000072BC9E900750F920E9305DC09F1080964
:1075A000059B2B4405930AE7002A00F0D1830DAA1E
:1075B00041465846FFF778FE30B90DF16809EFE70C
:1075C0000F9B002B40F08584B8F80C305B0600F16F
:1075D000B38405982BB0BDE8F08F002940F0758486
:1075E000002BEDD08DF8403001264FF000038DF8D0
:1075F0002F30039610AC0023CDF804A00293019B1A
:1076000013F002030793019B18BF023613F08403A3
:10761000089304D1049B9D1B002D00F3DB82DDE960
:107620000E1001F1010C9DF82F3093B101300DF1D6
:107630002F030121BCF1070FCDE90EC0C9F80030BE
:10764000C9F8041000F3A682614609F108090CF19B
:10765000010C079BEBB10CAB0230C9F80030BCF158
:10766000070F4FF00203CDE90EC0C9F8043040F314
:10767000AB82002800F066830DAA41465846FFF70A
:1076800013FE0028A0D1DDE90E100DF1680901F10B
:10769000010C089B802B00F0C881DDE902329D1AA5
:1076A000002D00F31C82039BC9F800401844BCF174
:1076B000070FCDE90EC0C9F8043040F3B3810028AC
:1076C00000F0D2820DAA41465846FFF7EDFD002892
:1076D0007FF47AAF0F980DF16809019B5A0704D522
:1076E000049B9C1B002C00F3C982DDE90423B242F9
:1076F000ACBF9B189B190593002840F036820023ED
:107700000E930DF168094AE61AF0100349D11AF0F8
:10771000400146D0069A52F8040B0692194680B2F0
:1077200009E71AF0100342D11AF040013FD0069A3F
:1077300052F8040B0692194680B20123FBE6002999
:1077400040F0E1831AF0200F069B68D0073323F046
:1077500007031A465B6852F8080B06921946002B7D
:10776000C0F20483029B013300F08A839DF82F301E
:10777000079350EA01032AF0800A00F054830A2894
:1077800071F1000380F01283303001238DF867001F
:10779000CDF804A003930DF16704E9E6FAF77CFE47
:1077A000D7E5069B53F8040B06930B46C3E6069BEE
:1077B00053F8040B06930123BDE6069B53F8042BF4
:1077C0000492002A80F20D83049A06935242049296
:1077D0003B784AF0040A03E63C4614F8013B2A2BA6
:1077E00000F0AF83A3F13002092A274698BF002496
:1077F00000F28F8317F8013B04EB840402EB44048E
:10780000A3F13002092AF5D90294EAE5002940F0F3
:1078100084834AF0100A1AF0200F069B96D153F881
:10782000040B06931AF0100F40F09B821AF0400FE1
:1078300000F0978240F3C0310B4600B28FE73B78EF
:107840004AF0800ACCE53B7801212B20C8E53B7843
:107850004AF0010AC4E53B7800287FF4C1AD01215C
:107860002020BDE5069B4FF000028DF82F20012659
:1078700053F8042B8DF840200693039610ACBAE61B
:10788000002940F04D83BD4A09921AF0200144D0EE
:10789000069A073222F00702516852F8080B069246
:1078A0001AF0010F0BD050EA010208D08DF83130E8
:1078B00030238DF830304AF0020A02233BE60223DF
:1078C00039E6002940F022831AF0200F40F09A8216
:1078D0001AF0100F40F0CC821AF0400F00F0C8826E
:1078E000069B059953F8042B0693118057E53B78C6
:1078F0006C2B03BF7B784AF0200A01374AF0100A4C
:107900006EE53B784AF0400A6AE5002940F0F882CB
:107910009B4A09921AF02001BAD11AF0100240F0E5
:107920001B821AF0400100F01782069C54F8040BE9
:107930000694114680B2B3E7069D55F8044B4FF00C
:1079400000038DF82F30002C00F0A482029B5E1CF7
:1079500000F072821A4600212046FEF771FE0028D0
:1079600000F0BE82031B03939DF82F300793002382
:107970000695CDF804A00293FAE53B784AF0200A78
:107980002EE5069B53F8040B069330238DF8303018
:1079900078238DF831307A4B09934AF0020A00219E
:1079A0000223C8E5DDF804A0012B3FF4E8AE022B6A
:1079B0001AAC12D1099A00F00F030009D35C04F845
:1079C000013D40EA0170090950EA0103F3D11AAB05
:1079D0001B1BCDF804A00393CAE500F00703C00801
:1079E00040EA4170C908303350EA0105224604F8E4
:1079F000013DF2D11AF0010FE9D0302BE7D030234E
:107A0000023A04F8013C1AAB9B1ACDF804A0039388
:107A10001446ADE503981A9401231B900F900E9322
:107A20000DF1680909F1080957E6049B9D1B002D1B
:107A30007FF733AE102D40F37B82DFF848A152462A
:107A40001023A246144607E001F1020E09F10809CD
:107A50001146103D102D1DDD4A1C1030072AC9E9C2
:107A60000043CDE90E20EFDD0DAA002800F08C8048
:107A7000414658460DF16809FFF716FC00287FF4CF
:107A8000A3ADDDE90E10103D102D01F1010E4FF0F8
:107A90001003E1DC234654469A462844BEF1070F02
:107AA000CDE90EE0C9F800A0C9F8045040F3A48164
:107AB000002800F0F8810DAA41465846FFF7F4FB74
:107AC00000287FF481ADDDE90232DDE90E109D1A58
:107AD000002D01F1010C0DF168097FF7E4AD102DC7
:107AE000DFF8A0A02BDD52461023A246144607E083
:107AF00001F1020C09F108091146103D102D1BDDA2
:107B00004A1C1030072AC9E90043CDE90E20EFDDF9
:107B10000DAA414618B358460DF16809FFF7C4FB9A
:107B200000287FF451ADDDE90E10103D102D01F15C
:107B3000010C4FF01003E3DC234654469A462844D8
:107B4000BCF1070FCDE90EC0C9F800A0C9F8045078
:107B500000F3E38009F108090CF1010CA3E54FF0F3
:107B6000010C01460DF16809C7E70DAA41465846C8
:107B7000FFF79AFB00283FF4C2AD25E53C9C0008C6
:107B8000289C0008409E00084FF0010E01460DF1B0
:107B900068095EE7002800F0D2800DAA41465846E9
:107BA000FFF782FB00287FF40FADDDE90E100DF129
:107BB000680901F1010C4CE502200CAB1B901A93F3
:107BC0004FF0010C0DF16809614609F1080901F156
:107BD000010C5EE5102D40F38D81DFF880A3DDE917
:107BE0000EC052461023A2466146144607E001F13A
:107BF000020C09F108091146103D102D1BDD4A1C2D
:107C00001030072AC9E90043CDE90E20EFDD0DAAA7
:107C100020B3414658460DF16809FFF745FB00289F
:107C20007FF4D2ACDDE90E10103D102D01F1010CF6
:107C30004FF01003E3DC2346614654469A4628443D
:107C40000729CDE90E10C9F800A0C9F8045000F3C7
:107C50009C8009F1080901F1010CE4E401464FF0B0
:107C6000010C0DF16809C7E7019B0E9059074CD52F
:107C7000049B9C1B002C48DD0DF16809102C40F37F
:107C80005281DFF8D8A20E9A53461025B2461E46FE
:107C900006E0911C09F108091A46103C102C19DD68
:107CA000531C1030072BC9E90065CDE90E30F0DD1B
:107CB0000DAA28B341465846FFF7F6FA00287FF48C
:107CC00083ACDDE90E20103C102C02F101010DF116
:107CD0006809E5DC334656469A4620440729C9E937
:107CE00000A4CDE90E107FF700AD70B10DAA41469A
:107CF0005846FFF7D9FA00287FF466AC0F98F4E4F1
:107D0000012102460DF16809C7E7DDE90423B2420B
:107D1000ACBF9B189B190593F1E400283FF47AAEA1
:107D20000DAA41465846FFF7BFFA00287FF44CAC35
:107D30000E9B0F9803F1010C0DF16809B3E4079B4A
:107D4000002B69D14FF0010C01460DF16809A0E448
:107D50000E920DF1680923E4069A52F8040B06927C
:107D60009EE5C1170B46002BBFF6FCAC2D2340420D
:107D70008DF82F30079361EB41010123FFF7E1BB41
:107D8000029B03931AACFFF7F3BB002862D00DAA45
:107D900041465846FFF788FA00287FF415ACDDE924
:107DA0000E100DF1680901F1010C3CE41AAC0A2235
:107DB000002306460D4601F065FB303204F8012D24
:107DC0000023304629460A2201F05CFB0A2E75F199
:107DD0000003ECD21AAB1B1BCDF804A00393FFF7F2
:107DE000C7BB06933B78FFF7FBBA30238DF86730AB
:107DF0000DF16704FFF7BCBB09F108090EF1010C96
:107E000071464AE4DDE9050353F8041B0693C217E3
:107E1000C1E90002FFF7C3BA02200CAB1B901A9312
:107E20000DF16809D1E6029B002B7FF4ADACCDF8D3
:107E300004A00393FFF79BBB20460695CDF804A052
:107E4000FBF73EFC9DF82F3007930023039002932D
:107E5000FFF78EBB9DF82F3063B301239C461B9325
:107E60000DF12F031A930DF168096046FFF7ECBB83
:107E7000069B059953F8042B11600693FFF78FBA00
:107E80009DF82F3007937AE4012BDDF804A07FF4EE
:107E90008EAD79E4029E304C0695062E28BF06264C
:107EA0000396FFF7A8BB4FF0010C01460DF16809DE
:107EB000FFF7F3BB079B002B7FF47EAE01464FF02C
:107EC000010C0DF16809FFF7E8BB8DF82F00FFF7F3
:107ED00087BB0DAA41465846FFF7E6F9FFF774BB8A
:107EE000029B03939DF82F300695CDE901A00793DF
:107EF000FFF73EBB0E990F98DFF860A001319EE6B8
:107F00008DF82F0004E58DF82F001BE48DF82F006D
:107F1000DAE400220292FFF764BA8DF82F0078E4C9
:107F20008DF82F00AFE40E99DFF830A00131D4E6D0
:107F3000DFF82CA0E646B0E54FF0FF330593FFF7DE
:107F400048BB069A7B78274652F8044B069244EACF
:107F5000E4740294FFF744BA509C0008309E000875
:107F6000409E000810B4054C8446134620685DF816
:107F7000044B0A466146FFF7DFB900BF60000020EE
:107F800070B50C468989ADF58D6D21F00201ADF813
:107F90000C10616E1991E189ADF80E10E16907913D
:107FA000616A09911AA9009104914FF480610291CC
:107FB00005910021069169460646FFF7BDF9051EA9
:107FC00007DB69463046FEF7FBF8002818BF4FF084
:107FD000FF35BDF80C305B0603D5A38943F04003A1
:107FE000A38128460DF58D6D70BD00BF00B50B4C0B
:107FF00025681446EE681A4685B003460D464CB116
:1080000007490095CDE901143046064900F052F8C1
:10801000FAF734F904490C46F3E700BF600000208A
:10802000509E0008609E00085C9E000808B513463C
:108030000022FFF7DBFF00BF10B502FB01F1FAF7EA
:10804000DFFA044668B150F8042C22F00302043A27
:10805000242A18D8132A06D802460023C2E900337E
:108060009360204610BD00231B2AC0E900330FD9BE
:10807000242AC0E9023311BF00F11002036100F1AC
:1080800018024361E9E70021FAF730FE204610BDEF
:1080900000F10802E1E700BF0CB400B583B004AB07
:1080A00053F8042B0193FFF747F903B05DF804EB95
:1080B00002B070470EB410B583B005AB064C53F850
:1080C000042B019301462068FFF736F903B0BDE8A1
:1080D000104003B0704700BF600000202DE9F0475A
:1080E00082B082468846144600F02EFA012803D159
:1080F00008F1FF33FE2B36D9424604F15C0301A997
:10810000504600F0CFFC421C064632D030B39DF8FA
:1081100004C00DF10509002509E023685A1C2260FE
:1081200083F800C00135B54218D219F801CBA36815
:10813000013B002BA360F0DAA769BB4261462246EF
:10814000504602DBBCF10A0FE7D1FCF737FE431CB7
:10815000E8D10646304602B0BDE8F08746463046D4
:1081600002B0BDE8F0875FFA88FC8DF804C00646CF
:10817000CFE7A389304643F04003A38102B0BDE8B6
:10818000F08700BFB2F90C3013F4005F0BD110B4CC
:10819000546E43F4005344F40054546693815DF8E4
:1081A000044BFFF79BBFFFF799BF00BF30B5104BE3
:1081B0001D680C4683B001460DB1AB6B8BB1B4F9B1
:1081C0000C309A0406D4626E43F4005342F4005219
:1081D000A38162662246284603B0BDE83040FFF71F
:1081E0007DBF01902846FAF757F90199E7E700BFEC
:1081F000600000209368002B00F085802DE9F04F8F
:10820000B1F90C300C461907804683B0174698B276
:1082100025D523691BB310F002033D682DD04FF024
:10822000000ADFF8BCB25646B9465E4533465246B0
:1082300028BF5B464046002E52D0E169676AB847C6
:10824000002856DDD9F808301B1A8244361AC9F8BE
:108250000830002BE9D1002003B0BDE8F08F2146A3
:108260004046FCF70FFE002840F03681B4F90C3090
:108270003D6898B210F00203D1D110F0010944D149
:108280004E46009746B38205D4F808B040F183808B
:10829000B3455A4600F2B28010F4906F40F0BF80B0
:1082A00020680192494600F095F9A368019AA3EB72
:1082B0000B012368A1601344B24623600026009B93
:1082C0009868A0EB0A00D14498600028C3D0B4F9A4
:1082D0000C0080B2002ED6D1D5E900960835D1E742
:1082E000D5E900A60835A0E721464046FDF768FF1E
:1082F00080B3B4F90C3043F040034FF0FF30A3815A
:1083000003B0BDE8F08F002070471E46AA4699468C
:1083100018461D46009756B388B34A46D4E904135D
:108320002068B24228BF3246884205D9A16803EBD3
:10833000010B5A4500F3A680934263DCE169676A4A
:108340002A464046B847B0F1000BD2DDB9EB0B0925
:10835000CAD00120009A9368A3EB0B035D44A6EBFF
:108360000B069360002B3FF476AF002ED4D10AF1B8
:10837000080353E902569A460833002EF9D03246D4
:108380000A212846FEF75CF9002800F09C800130A5
:10839000A0EB0509C1E720682369984216D86369F4
:1083A000B34213D86FF00042B24228BF3246E169AF
:1083B00092FBF3F2676A02FB03F340464A46B84772
:1083C000B0F1000A95DDA6EB0A0678E7B345DA4678
:1083D00028BFB2465246494600F0FCF8A36822681E
:1083E000A3EB0A035244A3602260002BEBD1214689
:1083F0004046FDF7E5FE0028E5D07AE72068B34661
:1084000032464EE72946019200F0E4F8019AA3684B
:108410009B1AA360236813442360934696E723685E
:108420002169A3EB010B636903EB430A0AEBDA7AD8
:108430000BF101034FEA6A0A33445345524684BFA5
:108440009A46524643052CD511464046FAF7D8F8CD
:1084500000283BD05A4621690190FAF7ADFBA2896A
:10846000019B22F4906242F08002A28103EB0B0098
:108470002361AAEB0B03C4F814A0A3602060B346E9
:1084800032460EE729465A4600F0A4F823685B44BA
:10849000236021464046FDF793FE00283FF456AF87
:1084A00027E7404600F012F903460028DED1216993
:1084B0004046FDF713FFB4F90C300C2223F0800383
:1084C000C8F8002017E7721C914627E70C22B4F980
:1084D0000C30C8F800200EE74FF0FF30BCE600BFBC
:1084E00000FCFF7F38B5074D0022044608462A608D
:1084F00001F062F9431C00D038BD2B68002BFBD083
:10850000236038BD443D002042B110B50B491046F0
:108510001446FAF769FF18B9094810BD08487047B2
:1085200007492046FAF760FF0028F5D005492046A4
:10853000FAF75AFF0028EFD0002010BD949E0008E3
:10854000909E00085C9E0008014B93F8280170473C
:10855000A008002041B110B50C4620460A49FAF7A0
:1085600043FF18B9094810BD08487047074920461D
:10857000FAF73AFF0028F5D005492046FAF734FF0C
:108580000028EFD0002010BD949E0008909E0008A7
:108590005C9E000810B4034CD4F8E440A4465DF897
:1085A000044B6047A008002082B049B15AB16BB1BA
:1085B00013780B601278101E18BF012002B07047AC
:1085C00001A9002AF3D1104602B070476FF00100F4
:1085D000F4E700BF88420DD98B1883420AD900EB1B
:1085E000020CBAB1624613F801CD02F801CD9942EE
:1085F000F9D170470F2A0ED8034602F1FF3C4AB169
:108600000CF1010C013B8C4411F8012B03F8012FF4
:108610006145F9D1704740EA01039B0750D1A2F1AF
:10862000100370B501F1200C23F00F0501F1100EBD
:1086300000F11004AC441B095EF8105C44F8105CB7
:108640005EF80C5C44F80C5C5EF8085C44F8085C6E
:108650005EF8045C44F8045C0EF1100EE64504F18B
:108660001004E9D1013312F00C0F01EB031102F0F9
:108670000F0400EB031327D0043C24F003064FEA59
:10868000940C1E441C1F8E465EF8045B44F8045F85
:10869000B442F9D10CF1010402F0030203EB8403AC
:1086A00001EB840102F1FF3C4AB10CF1010C013BEA
:1086B0008C4411F8012B03F8012F6145F9D170BDED
:1086C00002F1FF3C03469BE72246EBE72DE9F84F1A
:1086D0001746002900F0988007F10B0580460C46EC
:1086E000FAF756FB162D5DD810252A46AF425ED804
:1086F00054F8041C21F003069642A4F1080962DA3A
:10870000BC4BD3F808C009EB0600844500F0978005
:10871000D0F804C02CF0010303445B68DB0768D485
:108720002CF0030C06EB0C03934247DACB0710D472
:1087300054F8083CA9EB030ADAF8043023F00301EB
:108740008C44B444944580F211817318934280F2B2
:10875000E88039464046F9F753FF0746E0B154F840
:10876000043C23F001034B44A0F10802934200F0C3
:10877000D280321F242A00F2F580132A00F2AC8046
:1087800003462246116819605168596092689A60E0
:1087900021464046FDF7A2FD4046FAF7FBFA38466F
:1087A000BDE8F88F25F00705002D2A469EDA0C2338
:1087B000C8F8003000273846BDE8F88F1E46D0E9DB
:1087C0000223D3609A60731B0F2B22D8D9F8043090
:1087D00003F0010333434E44C9F80430736843F097
:1087E0000103736040462746FAF7D4FA3846BDE8DD
:1087F000F88FC907ADD454F8083CA9EB030ADAF89E
:10880000041021F00301A0E7BDE8F84F1146F9F785
:10881000F7BED9F8041001F001012943C9F804108A
:1088200009EB05014E4443F001034B60736843F0CC
:108830000103083173604046FDF750FDD2E7DCF8D4
:10884000040020F0030B06EB0B0C05F1100084452F
:108850004DDAC9073FF57DAF54F8081CA9EB010AB2
:10886000DAF8041021F003018B44B34458453FF774
:108870006CAF5746DAF80C1057F8080F321F242A4D
:10888000C160886000F2DB80132A40F2D680216844
:10889000CAF808106168CAF80C101B2A00F2DF80C1
:1088A00008340AF110022168116061685160A16802
:1088B00091600AEB0501ABEB050242F00102996001
:1088C0004A60DAF8043003F001031D434046CAF859
:1088D0000450FAF75FFA6EE7236803606368436049
:1088E0001B2A68D804F1080200F108034AE709EBE3
:1088F00005029A60ACEB050343F00103536054F8A2
:10890000043C03F001031D43404644F8045CFAF7BD
:1089100041FA27464FE750F8043C23F003031E4476
:1089200051E75746DAF80C1057F8080F321F242A7F
:10893000C16088604CD8132A48D92168CAF8081049
:108940006168CAF80C101B2A56D808340AF11002C4
:108950001E462368136063685360A3689360D14622
:108960003C4630E72146FFF735FE11E7D0E9021318
:108970005746CB60996057F8081FDAF80C30CB6087
:10898000321F242A99602DD8132A29D92368CAF8BE
:1089900008306368CAF80C301B2A42D808340AF140
:1089A000100322681A6062685A60A2689A6066467C
:1089B000D1463C4607E7A3688360E368C360242A86
:1089C00026D004F1100200F11003DBE63A46BFE7BF
:1089D000214638461E46D146FFF7FCFD3C46F2E6EE
:1089E0003B46DEE7214638466646D146FFF7F2FDB4
:1089F0003C46E8E690040020A168CAF81010E1683F
:108A0000CAF81410242A20D010340AF118029FE763
:108A1000236903616169416104F1180200F11803DF
:108A2000B0E6A368CAF81030E368CAF81430242A04
:108A300021D010340AF11803B3E73A4633E7214650
:108A40003846FFF7C7FD164B33E72269CAF81820EE
:108A50006269CAF81C2018340AF1200278E7A1687C
:108A6000CAF81010E168CAF81410242A0DD0103486
:108A70000AF1180217E72369CAF818306369CAF8BF
:108A80001C3018340AF120038BE72269CAF8182039
:108A90006269CAF81C2018340AF1200203E700BFFB
:108AA0009004002070B5054684B01C4639B10B4EC9
:108AB000D6F8E060B047431C09D004B070BD0A4648
:108AC0000649D1F8E06001A9B047431CF5D1002266
:108AD0008A2322602B6004B070BD00BFA008002074
:108AE00070B5104B84B01D68144658B10E4B0A4641
:108AF000D3F8E060014623462846B047431C0BD01C
:108B000004B070BD084A2346D2F8E06001A90246CD
:108B10002846B047431CF3D100228A2322602B60F1
:108B200004B070BD60000020A008002010B4034C09
:108B3000D4F8E040A4465DF8044B6047A00800204C
:108B400049B1FF2A02D80A70012070478A230360C6
:108B50004FF0FF3070470846704700BF81F000417A
:108B600002E000BF83F0004330B54FEA41044FEA12
:108B7000430594EA050F08BF90EA020F1FBF54EAAD
:108B8000000C55EA020C7FEA645C7FEA655C00F049
:108B9000E2804FEA5454D4EB5555B8BF6D420CDD1A
:108BA0002C4480EA020281EA030382EA000083EA9D
:108BB000010180EA020281EA0303362D88BF30BD3D
:108BC00011F0004F4FEA01314FF4801C4CEA113193
:108BD00002D0404261EB410113F0004F4FEA0333F2
:108BE0004CEA133302D0524263EB430394EA050F7D
:108BF00000F0A780A4F10104D5F1200E0DDB02FAEC
:108C00000EFC22FA05F2801841F1000103FA0EF27F
:108C1000801843FA05F359410EE0A5F120050EF145
:108C2000200E012A03FA0EFC28BF4CF0020C43FA76
:108C300005F3C01851EBE37101F0004507D54FF083
:108C4000000EDCF1000C7EEB00006EEB0101B1F5D3
:108C5000801F1BD3B1F5001F0CD349085FEA300019
:108C60004FEA3C0C04F101044FEA445212F5800F24
:108C700080F09A80BCF1004F08BF5FEA500C50F1C1
:108C8000000041EB045141EA050130BD5FEA4C0CA4
:108C9000404141EB0101013C28BFB1F5801FE9D201
:108CA00091F0000F04BF01460020B1FA81F308BF24
:108CB0002033A3F10B03B3F120020CDA0C3208DDF0
:108CC00002F1140CC2F10C0201FA0CF021FA02F1CB
:108CD0000CE002F11402D8BFC2F1200C01FA02F13B
:108CE00020FA0CFCDCBF41EA0C019040E41AA2BF60
:108CF00001EB0451294330BD6FEA04041F3C1CDA28
:108D00000C340EDC04F11404C4F1200220FA04F047
:108D100001FA02F340EA030021FA04F345EA0301F1
:108D200030BDC4F10C04C4F1200220FA02F001FAB3
:108D300004F340EA0300294630BD21FA04F0294635
:108D400030BD94F0000F83F4801306BF81F48011CE
:108D50000134013D4EE77FEA645C18BF7FEA655C41
:108D600029D094EA050F08BF90EA020F05D054EA13
:108D7000000C04BF1946104630BD91EA030F1EBF18
:108D80000021002030BD5FEA545C05D1400049411C
:108D900028BF41F0004130BD14F580043CBF01F50F
:108DA000801130BD01F0004545F0FE4141F47001F5
:108DB0004FF0000030BD7FEA645C1ABF19461046D0
:108DC0007FEA655C1CBF0B46024650EA013406BFD1
:108DD00052EA033591EA030F41F4002130BD00BF90
:108DE00090F0000F04BF0021704730B54FF480644D
:108DF00004F132044FF000054FF0000150E700BFCE
:108E000090F0000F04BF0021704730B54FF480642C
:108E100004F1320410F0004548BF40424FF0000119
:108E20003EE700BF42004FEAE2014FEA31014FEA5C
:108E300002701FBF12F07F4393F07F4F81F06051AB
:108E4000704732F07F4208BF704793F07F4F04BFF6
:108E500041F40021704730B54FF4607401F00045D3
:108E600021F000411CE700BF50EA010208BF704733
:108E700030B54FF000050AE050EA010208BF704724
:108E800030B511F0004502D5404261EB41014FF48D
:108E9000806404F132045FEA915C3FF4D8AE4FF095
:108EA00003025FEADC0C18BF03325FEADC0C18BF78
:108EB000033202EBDC02C2F1200300FA03FC20FAC9
:108EC00002F001FA03FE40EA0E0021FA02F1144416
:108ED000BDE600BF70B54FF0FF0C4CF4E06C1CEA2F
:108EE00011541DBF1CEA135594EA0C0F95EA0C0FA0
:108EF00000F0DEF82C4481EA030621EA4C5123EA13
:108F00004C5350EA013518BF52EA033541F4801141
:108F100043F4801338D0A0FB02CE4FF00005E1FBF4
:108F200002E506F00042E0FB03E54FF00006E1FB3E
:108F300003569CF0000F18BF4EF0010EA4F1FF0481
:108F4000B6F5007F64F5407404D25FEA4E0E6D41C1
:108F500046EB060642EAC62141EA55514FEAC520D2
:108F600040EA5E504FEACE2EB4F1FD0C88BFBCF54E
:108F7000E06F1ED8BEF1004F08BF5FEA500E50F1FF
:108F8000000041EB045170BD06F0004646EA0101C5
:108F900040EA020081EA0301B4EB5C04C2BFD4EBF7
:108FA0000C0541EA045170BD41F480114FF0000EF0
:108FB000013C00F3AB8014F1360FDEBF002001F05E
:108FC000004170BDC4F10004203C35DA0C341BDCD8
:108FD00004F11404C4F1200500FA05F320FA04F0AA
:108FE00001FA05F240EA020001F0004221F00041DE
:108FF00010EBD37021FA04F642EB06015EEA430E51
:1090000008BF20EAD37070BDC4F10C04C4F1200580
:1090100000FA04F320FA05F001FA04F240EA020033
:1090200001F0004110EBD37041F100015EEA430E04
:1090300008BF20EAD37070BDC4F1200500FA05F224
:109040004EEA020E20FA04F301FA05F243EA0203A3
:1090500021FA04F001F0004121FA04F220EA0200B2
:1090600000EBD3705EEA430E08BF20EAD37070BDF8
:1090700094F0000F0FD101F00046400041EB0101D8
:1090800011F4801F08BF013CF7D041EA060195F0BA
:10909000000F18BF704703F00046520043EB030374
:1090A00013F4801F08BF013DF7D043EA0603704761
:1090B00094EA0C0F0CEA135518BF95EA0C0F0CD06C
:1090C00050EA410618BF52EA4306D1D181EA0301B2
:1090D00001F000414FF0000070BD50EA410606BFAC
:1090E0001046194652EA430619D094EA0C0F02D1F1
:1090F00050EA013613D195EA0C0F05D152EA033636
:109100001CBF104619460AD181EA030101F0004153
:1091100041F0FE4141F470014FF0000070BD41F09C
:10912000FE4141F4780170BD70B54FF0FF0C4CF476
:10913000E06C1CEA11541DBF1CEA135594EA0C0F95
:1091400095EA0C0F00F0A7F8A4EB050481EA030EE2
:1091500052EA03354FEA013100F088804FEA0333C9
:109160004FF0805545EA131343EA12634FEA022297
:1091700045EA111545EA10654FEA00260EF0004158
:109180009D4208BF964244F1FD0404F5407402D2AA
:109190005B084FEA3202B61A65EB03055B084FEA3B
:1091A00032024FF480104FF4002CB6EB020E75EB38
:1091B000030E22BFB61A754640EA0C005B084FEA60
:1091C0003202B6EB020E75EB030E22BFB61A7546DD
:1091D00040EA5C005B084FEA3202B6EB020E75EB28
:1091E000030E22BFB61A754640EA9C005B084FEAA0
:1091F0003202B6EB020E75EB030E22BFB61A7546AD
:1092000040EADC0055EA060E18D04FEA051545EA9B
:1092100016754FEA06164FEAC30343EA52734FEA44
:10922000C2025FEA1C1CC0D111F4801F0BD141EABD
:1092300000014FF000004FF0004CB6E711F4801F22
:1092400004BF01430020B4F1FD0C88BFBCF5E06F02
:109250003FF6AFAEB5EB030C04BFB6EB020C5FEA12
:10926000500C50F1000041EB045170BD0EF0004E67
:109270004EEA113114EB5C04C2BFD4EB0C0541EA99
:10928000045170BD41F480114FF0000E013C90E696
:1092900045EA060E8DE60CEA135594EA0C0F08BF5A
:1092A00095EA0C0F3FF43BAF94EA0C0F0AD150EA59
:1092B00001347FF434AF95EA0C0F7FF425AF1046EC
:1092C00019462CE795EA0C0F06D152EA03353FF414
:1092D000FDAE1046194622E750EA410618BF52EA91
:1092E00043067FF4C5AE50EA41047FF40DAF52EA65
:1092F00043057FF4EBAE12E74FF0FF3C06E000BF02
:109300004FF0010C02E000BF4FF0010C4DF804CD0E
:109310004FEA410C7FEA6C5C4FEA430C18BF7FEACE
:109320006C5C1BD001B050EA410C0CBF52EA430CFC
:1093300091EA030F02BF90EA020F0020704710F17C
:10934000000F91EA030F58BF994208BF90422CBF0B
:10935000D8176FEAE37040F0010070474FEA410C04
:109360007FEA6C5C02D150EA013C07D14FEA430C22
:109370007FEA6C5CD6D152EA033CD3D05DF8040B93
:10938000704700BF8446104662468C4619466346C5
:1093900000E000BF01B5FFF7B7FF002848BF10F19C
:1093A000000F01BD4DF808EDFFF7F4FF0CBF0120E1
:1093B00000205DF808FB00BF4DF808EDFFF7EAFF5D
:1093C00034BF012000205DF808FB00BF4DF808ED18
:1093D000FFF7E0FF94BF012000205DF808FB00BF0D
:1093E0004DF808EDFFF7CEFF94BF012000205DF897
:1093F00008FB00BF4DF808EDFFF7C4FF34BF0120A4
:1094000000205DF808FB00BF4FEA410C7FEA6C5C6E
:1094100002D150EA013C0AD14FEA430C7FEA6C5C6E
:1094200002D152EA033C02D14FF0000070474FF0E6
:10943000010070474FEA410212F5001215D211D512
:109440006FF47873B3EB625212D94FEAC12343F041
:10945000004343EA505311F0004F23FA02F018BFC3
:10946000404270474FF00000704750EA013005D18C
:1094700011F0004008BF6FF0004070474FF000004F
:10948000704700BF53B94AB9002908BF00281CBF64
:109490004FF0FF314FF0FF3000F074B9ADF1080C20
:1094A0006DE904CE00F006F8DDF804E0DDE9022302
:1094B00004B070472DE9F047089D04468E46002B06
:1094C0004DD18A42944669D9B2FA82F252B101FA78
:1094D00002F3C2F1200120FA01F10CFA02FC41EA88
:1094E000030E94404FEA1C48210CBEFBF8F61FFA0D
:1094F0008CF708FB16E341EA034306FB07F19942A8
:109500000AD91CEB030306F1FF3080F01F8199425A
:1095100040F21C81023E63445B1AA4B2B3FBF8F034
:1095200008FB103344EA034400FB07F7A7420AD9BB
:109530001CEB040400F1FF3380F00A81A74240F2E3
:1095400007816444023840EA0640E41B00261DB14E
:10955000D4400023C5E900433146BDE8F0878B4283
:1095600009D9002D00F0EF800026C5E90001304642
:109570003146BDE8F087B3FA83F6002E4AD18B421C
:1095800002D3824200F2F980841A61EB03030120C6
:109590009E46002DE0D0C5E9004EDDE702B9FFDEB2
:1095A000B2FA82F2002A40F09280A1EB0C014FEA5D
:1095B0001C471FFA8CFE0126200CB1FBF7F307FBBA
:1095C000131140EA01410EFB03F0884208D91CEB5D
:1095D000010103F1FF3802D2884200F2CB804346FA
:1095E000091AA4B2B1FBF7F007FB101144EA0144D9
:1095F0000EFB00FEA64508D91CEB040400F1FF3168
:1096000002D2A64500F2BB800846A4EB0E0440EA55
:1096100003409CE7C6F12007B34022FA07FC4CEA5E
:10962000030C20FA07F401FA06F31C43F9404FEA51
:109630001C4900FA06F3B1FBF9F8200C1FFA8CFE66
:1096400009FB181140EA014108FB0EF0884202FABA
:1096500006F20BD91CEB010108F1FF3A80F088807B
:10966000884240F28580A8F102086144091AA4B238
:10967000B1FBF9F009FB101144EA014100FB0EFEB9
:109680008E4508D91CEB010100F1FF346CD28E45E8
:109690006AD90238614440EA0840A0FB0294A1EB79
:1096A0000E01A142C846A64656D353D05DB1B3EBD6
:1096B000080261EB0E0101FA07F722FA06F3F14006
:1096C0001F43C5E9007100263146BDE8F087C2F1AD
:1096D0002003D8400CFA02FC21FA03F39140014325
:1096E0004FEA1C471FFA8CFEB3FBF7F007FB10365E
:1096F0000B0C43EA064300FB0EF69E4204FA02F40A
:1097000008D91CEB030300F1FF382FD29E422DD95C
:10971000023863449B1B89B2B3FBF7F607FB163391
:1097200041EA034106FB0EF38B4208D91CEB010111
:1097300006F1FF3816D28B4214D9023E6144C91A91
:1097400046EA004638E72E46284605E70646E3E6A1
:109750001846F8E64B45A9D2B9EB020864EB0C0EAB
:109760000138A3E74646EAE7204694E74046D1E7BA
:10977000D0467BE7023B614432E7304609E7644468
:10978000023842E7704700BF024B58221A604FF080
:10979000FF307047443D0020024B58221A604FF0C2
:1097A000FF307047443D0020024B58221A604FF0B2
:1097B000FF307047443D0020024B58221A600020C1
:1097C000704700BF443D0020024B58221A604FF002
:1097D000FF307047443D0020024B58221A604FF082
:1097E000FF307047443D0020024B58221A604FF072
:1097F000FF307047443D0020024B58221A604FF062
:10980000FF307047443D0020044A05491368002B8F
:1098100008BF0B461844106018467047483D0020AA
:109820004C3D0020024B58221A604FF0FF30704729
:10983000443D0020024B58221A604FF0FF30704721
:10984000443D0020FEE700BF63646361636D000078
:109850000123456789ABCDEFFEDCBA987654321010
:10986000F0E1D2C3416476657274656E6369613AF2
:1098700020636F6E7461646F7220445754206E6F62
:1098800020646973706F6E69626C650D0A005354D1
:109890004D33324634323920636F6D6D756E6963B6
:1098A0006174696F6E2072656164790D0A00436F9F
:1098B0006D6D616E64733A207569642C2068617304
:1098C00068203C746578746F3E2C20686173685F13
:1098D000746573742C20626C6F7175656F0D0A006E
:1098E000313233340070617373776F7264206F6B41
:1098F0000D0A0070617373776F726420696E636F15
:109900007272656374610D0A00756964007569643B
:109910003A2025730D0A00686173680075736F3A09
:109920002068617368203C746578746F3E0D0A008E
:109930005348413128257329203D202530386C7843
:109940002530386C782530386C782530386C78259F
:1099500030386C780D0A005469656D706F2053487B
:1099600041313A20256C75206369636C6F73202840
:10997000256C752E2530336C75207573290D0A0002
:109980005469656D706F20534841313A206E6F20E5
:10999000646973706F6E69626C650D0A006861734B
:1099A000685F7465737400616263005348413120DD
:1099B000736F66747761726520746573743A204FB3
:1099C0004B0D0A005348413120736F667477617202
:1099D0006520746573743A204552524F52202825F1
:1099E00030386C782530386C782530386C782530F4
:1099F000386C782530386C78290D0A00626C6F71EC
:109A000075656F00626C6F71756561646F0D0A003A
:109A100070696E6700706F6E670D0A00677265652A
:109A20006E00677265656E20746F67676C65640DA4
:109A30000A007265640072656420746F67676C6504
:109A4000640D0A00636F6D616E646F2064657363FB
:109A50006F6E6F6369646F0D0A000000363E99A94E
:109A60006A81064771253EBA6CC250789DD8D09C59
:109A70004152434F532D6C61622055435200434481
:109A8000432D41434D205541525420496E74657217
:109A900066616365000524001001052401000104CE
:109AA0002402020524060001070583031000FF00BD
:109AB0000000000000000009040000010202010093
:109AC000A89A0008959A00081300000009020000F7
:109AD0000201008032209B000807050102400001BE
:109AE00000000000000000000705820240000100A5
:109AF0000000000000000009040100020A0000004C
:109B0000D99A0008000000000000000012010002C5
:109B100002000040830440570002010203010000DC
:109B2000000000000100000000000000B79A0008DB
:109B3000000000000100000000000000F79A00088B
:109B40006E756C6C0030313233343536373839410C
:109B5000424344454600000008005001040700014C
:109B6000020600000004000300BD010580DE800243
:109B700000BD0105080050010207000105060000B4
:109B800000050403007A030A80DE800200BD01059F
:109B90000800680102080001050600000005040332
:109BA0000095BA0A40A5AE02804A5D05591A000820
:109BB000211D0008391D00086F1E0008BB1E00088B
:109BC0006B1F0008431F0008931F0008E51F0008D3
:109BD000592000085F2200080000005001008000AA
:109BE000F91A0008211D0008391D00086F1E000821
:109BF000BB1E00086B1F0008431F0008931F0008CE
:109C0000E51F0008592000085F22000800000440FA
:109C10000100000268000020494E4600696E66009F
:109C20004E414E006E616E0030313233343536377E
:109C30003839616263646566000000003031323398
:109C40003435363738394142434445460000000038
:109C5000286E756C6C290000300000002020202048
:109C600020202020202020202020202030303030B4
:109C70003030303030303030303030304E614E00A7
:109C8000496E66696E6974790000000042616C6C0F
:109C90006F6320737563636565646564000000002D
:109CA0002E2E2F2E2E2F2E2E2F2E2E2F2E2E2F2ECF
:109CB0002E2F2E2E2F2E2E2F6E65776C69622F6C15
:109CC0006962632F7374646C69622F64746F612EB0
:109CD000630000002E2E2F2E2E2F2E2E2F2E2E2FF5
:109CE0002E2E2F2E2E2F2E2E2F2E2E2F6E65776C92
:109CF00069622F6C6962632F7374646C69622F6D83
:109D0000707265632E6300000500000019000000FA
:109D10007D00000000000000000000000000F03F97
:109D20000000000000002440000000000000594036
:109D30000000000000408F40000000000088C34089
:109D400000000000006AF8400000000080842E41FE
:109D500000000000D01263410000000084D797414A
:109D60000000000065CDCD41000000205FA0024250
:109D7000000000E876483742000000A2941A6D42C5
:109D8000000040E59C30A2420000901EC4BCD642B8
:109D900000003426F56B0C430080E03779C3414363
:109DA00000A0D8855734764300C84E676DC1AB43D9
:109DB000003D9160E458E143408CB5781DAF1544F7
:109DC00050EFE2D6E41A4B4492D54D06CFF08044D2
:109DD000F64AE1C7022DB544B49DD9794378EA44E7
:109DE000BC89D897B2D29C3C33A7A8D523F6493971
:109DF0003DA7F444FD0FA5329D978CCF08BA5B2593
:109E0000436FAC642806C80A0080E03779C3414339
:109E1000176E05B5B5B89346F5F93FE9034F384DD0
:109E2000321D30F94877825A3CBF737FDD4F15757C
:109E30002020202020202020202020202020202022
:109E40003030303030303030303030303030303012
:109E50002C2066756E6374696F6E3A2000000000F6
:109E6000617373657274696F6E2022257322206698
:109E700061696C65643A2066696C652022257322ED
:109E80002C206C696E65202564257325730A0000FB
:109E900043000000504F5349580000002E000000BE
:109EA00000202020202020202020282828282820AA
:109EB00020202020202020202020202020202020A2
:109EC000208810101010101010101010101010100A
:109ED00010040404040404040404041010101010FA
:109EE00010104141414141410101010101010101C4
:109EF0000101010101010101010101011010101016
:109F00001010424242424242020202020202020295
:109F100002020202020202020202020210101010E9
:109F20002000000000000000000000000000000011
:109F30000000000000000000000000000000000021
:109F40000000000000000000000000000000000011
:109F50000000000000000000000000000000000001
:109F600000000000000000000000000000000000F1
:109F700000000000000000000000000000000000E1
:109F800000000000000000000000000000000000D1
:109F900000000000000000000000000000000000C1
:049FA00000000000BD
:089FA40010F5FF7F0100000031
:109FAC00489800088D08000891080008AD010008C9
:109FBC00AD0800089908000801000000709A00081C
:109FCC007E9A0008740A0020380000203800002017
:109FDC003800002000000000409B0008650C0008C1
:109FEC00690C00086D0C0008710C0008750C000859
:109FFC000024F4000024F4000024F400000000000D
:10A00C006800002000000000000000005403002045
:10A01C00BC0300202404002000000000000000000D
:10A02C000000000000000000000000000000000024
:10A03C000000000000000000000000000000000014
:10A04C000000000000000000000000000000000004
:10A05C0000000000000000000000000000000000F4
:10A06C0000000000000000000000000000000000E4
:10A07C0000000000000000000000000000000000D4
:10A08C0000000000000000000000000000000000C4
:10A09C0000000000000000000000000000000000B4
:10A0AC0000000000000000000000000000000000A4
:10A0BC0001000000000000000E33CDAB34126DE641
:10A0CC00ECDE05000B0000000000000000000000AA
:10A0DC000000000000000000000000000000000074
:10A0EC000000000000000000000000000000000064
:10A0FC000000000000000000000000000000000054
:10A10C000000000000000000000000000000000043
:10A11C000000000000000000000000000000000033
:10A12C000000000000000000000000000000000023
:10A13C000000000000000000000000000000000013
:10A14C000000000000000000000000000000000003
:10A15C0000000000000000000000000000000000F3
:10A16C0000000000000000000000000000000000E3
:10A17C0000000000000000000000000000000000D3
:10A18C0000000000000000000000000000000000C3
:10A19C0000000000000000000000000000000000B3
:10A1AC0000000000000000000000000000000000A3
:10A1BC000000000000000000000000000000000093
:10A1CC000000000000000000000000000000000083
:10A1DC000000000000000000000000000000000073
:10A1EC000000000000000000000000000000000063
:10A1FC000000000000000000000000000000000053
:10A20C000000000000000000000000000000000042
:10A21C000000000000000000000000000000000032
:10A22C000000000000000000000000000000000022
:10A23C000000000000000000000000000000000012
:10A24C000000000000000000000000000000000002
:10A25C0000000000000000000000000000000000F2
:10A26C0000000000000000000000000000000000E2
:10A27C0000000000000000000000000000000000D2
:10A28C0000000000000000000000000000000000C2
:10A29C0000000000000000000000000000000000B2
:10A2AC0000000000000000000000000000000000A2
:10A2BC000000000000000000000000000000000092
:10A2CC000000000000000000000000000000000082
:10A2DC000000000000000000000000000000000072
:10A2EC000000000000000000000000000000000062
:10A2FC000000000000000000000000000000000052
:10A30C000000000000000000000000000000000041
:10A31C000000000000000000000000000000000031
:10A32C000000000000000000000000000000000021
:10A33C000000000000000000000000000000000011
:10A34C000000000000000000000000000000000001
:10A35C0000000000000000000000000000000000F1
:10A36C0000000000000000000000000000000000E1
:10A37C0000000000000000000000000000000000D1
:10A38C0000000000000000000000000000000000C1
:10A39C0000000000000000000000000000000000B1
:10A3AC0000000000000000000000000000000000A1
:10A3BC000000000000000000000000000000000091
:10A3CC000000000000000000000000000000000081
:10A3DC000000000000000000000000000000000071
:10A3EC000000000000000000000000000000000061
:10A3FC000000000000000000000000000000000051
:10A40C000000000000000000000000000000000040
:10A41C000000000000000000000000000000000030
:10A42C000000000000000000000000000000000020
:10A43C0000000000000000009004002090040020A8
:10A44C009804002098040020A0040020A004002000
:10A45C00A8040020A8040020B0040020B0040020B0
:10A46C00B8040020B8040020C0040020C004002060
:10A47C00C8040020C8040020D0040020D004002010
:10A48C00D8040020D8040020E0040020E0040020C0
:10A49C00E8040020E8040020F0040020F004002070
:10A4AC00F8040020F804002000050020000500201E
:10A4BC0008050020080500201005002010050020CC
:10A4CC00180500201805002020050020200500207C
:10A4DC00280500202805002030050020300500202C
:10A4EC0038050020380500204005002040050020DC
:10A4FC00480500204805002050050020500500208C
:10A50C00580500205805002060050020600500203B
:10A51C0068050020680500207005002070050020EB
:10A52C00780500207805002080050020800500209B
:10A53C00880500208805002090050020900500204B
:10A54C009805002098050020A0050020A0050020FB
:10A55C00A8050020A8050020B0050020B0050020AB
:10A56C00B8050020B8050020C0050020C00500205B
:10A57C00C8050020C8050020D0050020D00500200B
:10A58C00D8050020D8050020E0050020E0050020BB
:10A59C00E8050020E8050020F0050020F00500206B
:10A5AC00F8050020F8050020000600200006002019
:10A5BC0008060020080600201006002010060020C7
:10A5CC001806002018060020200600202006002077
:10A5DC002806002028060020300600203006002027
:10A5EC0038060020380600204006002040060020D7
:10A5FC004806002048060020500600205006002087
:10A60C005806002058060020600600206006002036
:10A61C0068060020680600207006002070060020E6
:10A62C007806002078060020800600208006002096
:10A63C008806002088060020900600209006002046
:10A64C009806002098060020A0060020A0060020F6
:10A65C00A8060020A8060020B0060020B0060020A6
:10A66C00B8060020B8060020C0060020C006002056
:10A67C00C8060020C8060020D0060020D006002006
:10A68C00D8060020D8060020E0060020E0060020B6
:10A69C00E8060020E8060020F0060020F006002066
:10A6AC00F8060020F8060020000700200007002014
:10A6BC0008070020080700201007002010070020C2
:10A6CC001807002018070020200700202007002072
:10A6DC002807002028070020300700203007002022
:10A6EC0038070020380700204007002040070020D2
:10A6FC004807002048070020500700205007002082
:10A70C005807002058070020600700206007002031
:10A71C0068070020680700207007002070070020E1
:10A72C007807002078070020800700208007002091
:10A73C008807002088070020900700209007002041
:10A74C009807002098070020A0070020A0070020F1
:10A75C00A8070020A8070020B0070020B0070020A1
:10A76C00B8070020B8070020C0070020C007002051
:10A77C00C8070020C8070020D0070020D007002001
:10A78C00D8070020D8070020E0070020E0070020B1
:10A79C00E8070020E8070020F0070020F007002061
:10A7AC00F8070020F807002000080020000800200F
:10A7BC0008080020080800201008002010080020BD
:10A7CC00180800201808002020080020200800206D
:10A7DC00280800202808002030080020300800201D
:10A7EC0038080020380800204008002040080020CD
:10A7FC00480800204808002050080020500800207D
:10A80C00580800205808002060080020600800202C
:10A81C0068080020680800207008002070080020DC
:10A82C00780800207808002080080020800800208C
:10A83C008808002088080020FFFFFFFF00000200AE
:10A84C0043000000000000000000000000000000B9
:10A85C0000000000000000000000000000000000EC
:10A86C004300000000000000000000000000000099
:10A87C0000000000000000000000000000000000CC
:10A88C004300000000000000000000000000000079
:10A89C0000000000000000000000000000000000AC
:10A8AC004300000000000000000000000000000059
:10A8BC00000000000000000000000000000000008C
:10A8CC004300000000000000000000000000000039
:10A8DC00000000000000000000000000000000006C
:10A8EC004300000000000000000000000000000019
:10A8FC00000000000000000000000000000000004C
:10A90C0043000000000000000000000000000000F8
:10A91C00000000000000000000000000000000002B
:10A92C00418B0008A985000800000000A09E0008CB
:10A93C009C9E00085C9E00085C9E00085C9E0008C3
:10A94C005C9E00085C9E00085C9E00085C9E0008F3
:10A95C005C9E00085C9E0008FFFFFFFFFFFFFFFFEF
:10A96C00FFFFFFFFFFFF0000010041534349490077
:10A97C0000000000000000000000000000000000CB
:10A98C000000000000000000000041534349490052
:10A99C0000000000000000000000000000000000AB
:0CA9AC000000000000000000000000009F
:0400000508001B8153
:00000001FF
